-- Cleanup Stormwind Embassy -
DELETE FROM `gameobject` WHERE `guid` BETWEEN 502252 AND 502297;
DELETE FROM `creature` WHERE `guid` BETWEEN 850144 AND 851354;


SET @ZGUID := 9004142; -- Creature Spawns
SET @FGUID := 9003872; -- GameObject Spawn
SET @RGUID := 9003369; -- GameObject Addon 
SET @NPCTEXTID := 57023; -- Fix Gossip Menu
SET @ANPCTEXTID := 16777216; -- Fix Chromie text
SET @EGUID := 9004070; -- Creature Addon


DELETE FROM `creature` WHERE `guid` BETWEEN @ZGUID+0 AND @ZGUID+274;
INSERT INTO `creature` (`guid`, `id`, `map`, `zoneId`, `areaId`, `spawnDifficulties`, `PhaseId`, `PhaseGroup`, `modelid`, `equipment_id`, `position_x`, `position_y`, `position_z`, `orientation`, `spawntimesecs`, `wander_distance`, `currentwaypoint`, `curhealth`, `curmana`, `MovementType`, `npcflag`, `unit_flags`, `unit_flags2`, `unit_flags3`, `VerifiedBuild`) VALUES


(@ZGUID+154, 68, 0, 1519, 5150, 0, 0, 0, 0, 1, -8288.318359375, 684.25152587890625, 86.8664093017578125, 3.864670276641845703, 120, 10, 0, 169379, 0, 1, NULL, NULL, NULL, NULL, 52649), -- Stormwind City Guard (Area: Dwarven District - Difficulty: 0) CreateObject1 (Auras: ) (possible waypoints or random movement)

-- Arielle Snapflash -- Shutterbug

(@ZGUID+156, 16908, 0, 1519, 5150, 0, 0, 0, 0, 0, -8258.591796875, 657.30902099609375, 93.00539398193359375, 5.141171932220458984, 120, 0, 0, 112919, 0, 0, NULL, NULL, NULL, NULL, 52649), -- Arielle Snapflash (Area: Dwarven District - Difficulty: 0) CreateObject1 (Auras: 258389 - Photographer State)
(@ZGUID+158, 19269, 0, 1519, 5150, 0, 0, 0, 0, 0, -8257.6357421875, 656.04833984375, 92.799407958984375, 4.923062324523925781, 120, 10, 0, 112919, 0, 1, NULL, NULL, NULL, NULL, 52649), -- Shutterbug (Area: Dwarven District - Difficulty: 0) CreateObject1 (possible waypoints or random movement)


-- Celestine of the Harvest - Druid Trainer

(@ZGUID+160, 44395, 0, 1519, 5150, 0, 0, 0, 0, 1, -8284.138671875, 724.4132080078125, 79.99713897705078125, 0.562285959720611572, 120, 0, 0, 112919, 3155, 0, NULL, NULL, NULL, NULL, 52649), -- Celestine of the Harvest (Area: Dwarven District - Difficulty: 0) CreateObject1

-- Peasant Worker

(@ZGUID+161, 133675, 0, 1519, 5150, 0, 0, 0, 0, 1, -8263.7294921875, 731.09552001953125, 78.45843505859375, 3.823138713836669921, 120, 0, 0, 112919, 0, 0, NULL, NULL, NULL, NULL, 52649), -- Peasant Worker (Area: Dwarven District - Difficulty: 0) CreateObject1
(@ZGUID+162, 133675, 0, 1519, 5150, 0, 0, 0, 0, 0, -8273.1923828125, 735.61285400390625, 78.48775482177734375, 5.304184913635253906, 120, 0, 0, 112919, 0, 0, NULL, NULL, NULL, NULL, 52649), -- Peasant Worker (Area: Dwarven District - Difficulty: 0) CreateObject1
(@ZGUID+163, 133675, 0, 1519, 5150, 0, 0, 0, 0, 1, -8239.50390625, 712.86285400390625, 77.01202392578125, 3.41656351089477539, 120, 0, 0, 112919, 0, 0, NULL, NULL, NULL, NULL, 52649), -- Peasant Worker (Area: Dwarven District - Difficulty: 0) CreateObject1

(@ZGUID+165, 68, 0, 1519, 0, 0, 0, 0, 0, 1, -8232.40625, 748.013916015625, 74.309295654296875, 4.028546810150146484, 120, 0, 0, 169379, 0, 0, NULL, NULL, NULL, NULL, 52649), -- Stormwind City Guard (Area: 0 - Difficulty: 0) CreateObject1 (Auras: )
(@ZGUID+166, 68, 0, 1519, 0, 0, 0, 0, 0, 1, -8257.6220703125, 761.40972900390625, 79.53528594970703125, 0.789030730724334716, 120, 0, 0, 169379, 0, 0, NULL, NULL, NULL, NULL, 52649), -- Stormwind City Guard (Area: 0 - Difficulty: 0) CreateObject1 (Auras: )

-- Chromie Spawn

(@ZGUID+168, 167032, 0, 1519, 0, 0, 0, 0, 0, 0, -8196.3095703125, 745.33856201171875, 78.415435791015625, 1.435181260108947753, 120, 0, 0, 9671500, 0, 0, NULL, NULL, NULL, NULL, 52649), -- Chromie (Area: 0 - Difficulty: 0) CreateObject1

(@ZGUID+169, 68, 0, 1519, 0, 0, 0, 0, 0, 1, -8223.3056640625, 737.59552001953125, 74.54803466796875, 3.687657356262207031, 120, 0, 0, 169379, 0, 0, NULL, NULL, NULL, NULL, 52649), -- Stormwind City Guard (Area: 0 - Difficulty: 0) CreateObject1 (Auras: )
(@ZGUID+170, 133441, 0, 1519, 0, 0, 0, 0, 0, 1, -8184.78466796875, 746.3819580078125, 74.048614501953125, 1.327138423919677734, 120, 0, 0, 112919, 0, 0, NULL, NULL, NULL, NULL, 52649), -- Trained Brightlance (Area: 0 - Difficulty: 0) CreateObject1

(@ZGUID+174, 68, 0, 1519, 0, 0, 0, 0, 0, 1, -8195.38671875, 774.54986572265625, 72.43186187744140625, 5.261899948120117187, 120, 10, 0, 169379, 0, 1, NULL, NULL, NULL, NULL, 52649), -- Stormwind City Guard (Area: 0 - Difficulty: 0) CreateObject1 (Auras: ) (possible waypoints or random movement)
(@ZGUID+175, 130069, 0, 1519, 0, 0, 0, 0, 0, 0, -8187.76318359375, 773.94476318359375, 72.39153289794921875, 5.547761440277099609, 120, 10, 0, 112919, 0, 1, NULL, NULL, NULL, NULL, 52649), -- Aspiring Anchorite (Area: 0 - Difficulty: 0) CreateObject1 (possible waypoints or random movement)
(@ZGUID+176, 133431, 0, 1519, 0, 0, 0, 0, 0, 1, -8183.705078125, 749.8125, 73.8368072509765625, 4.304282188415527343, 120, 0, 0, 112919, 0, 0, NULL, NULL, NULL, NULL, 52649), -- Lightforged Sunshield (Area: 0 - Difficulty: 0) CreateObject1
(@ZGUID+177, 133431, 0, 1519, 0, 0, 0, 0, 0, 1, -8189.7646484375, 771.689208984375, 72.28853607177734375, 5.561594009399414062, 120, 10, 0, 112919, 0, 1, NULL, NULL, NULL, NULL, 52649), -- Lightforged Sunshield (Area: 0 - Difficulty: 0) CreateObject1 (possible waypoints or random movement)

-- Area: Olivia's Pond

(@ZGUID+178, 68, 0, 1519, 5316, 0, 0, 0, 0, 1, -8210.1943359375, 801.638916015625, 70.34906005859375, 0.369651556015014648, 120, 0, 0, 169379, 0, 0, NULL, NULL, NULL, NULL, 52649), -- Stormwind City Guard (Area: Olivia's Pond - Difficulty: 0) CreateObject1 (Auras: )
(@ZGUID+179, 68, 0, 1519, 5316, 0, 0, 0, 0, 1, -8201.71875, 791.41693115234375, 71.8418121337890625, 4.875140666961669921, 120, 10, 0, 169379, 0, 1, NULL, NULL, NULL, NULL, 52649), -- Stormwind City Guard (Area: Olivia's Pond - Difficulty: 0) CreateObject1 (Auras: ) (possible waypoints or random movement)
(@ZGUID+180, 112686, 0, 1519, 5316, 0, 0, 0, 0, 0, -8184.6513671875, 786.7381591796875, 73.2292633056640625, 5.711965084075927734, 120, 10, 0, 5647, 0, 1, NULL, NULL, NULL, NULL, 52649), -- Dog (Area: Olivia's Pond - Difficulty: 0) CreateObject1 (possible waypoints or random movement)
(@ZGUID+181, 721, 0, 1519, 5316, 0, 0, 0, 0, 0, -8278.283203125, 836.98919677734375, 99.3280487060546875, 1.841474056243896484, 120, 10, 0, 1, 0, 1, NULL, NULL, NULL, NULL, 52649), -- Rabbit (Area: Olivia's Pond - Difficulty: 0) CreateObject1 (possible waypoints or random movement)
(@ZGUID+182, 172572, 0, 1519, 5316, 0, 0, 0, 0, 0, -8200.607421875, 824.623291015625, 70.29807281494140625, 3.528024673461914062, 120, 0, 0, 135503, 0, 0, NULL, NULL, NULL, NULL, 52649), -- Celeste Periwinkle (Area: Olivia's Pond - Difficulty: 0) CreateObject1
(@ZGUID+183, 133433, 0, 1519, 5316, 0, 0, 0, 0, 1, -8209.65625, 822.66143798828125, 70.65030670166015625, 1.365125656127929687, 120, 0, 0, 112919, 0, 0, NULL, NULL, NULL, NULL, 52649), -- Ghostblade Scout (Area: Olivia's Pond - Difficulty: 0) CreateObject1
(@ZGUID+184, 133396, 0, 1519, 5316, 0, 0, 0, 0, 0, -8221.8388671875, 815.51214599609375, 70.1280059814453125, 1.347199916839599609, 120, 0, 0, 112919, 0, 0, NULL, NULL, NULL, NULL, 52649), -- Jandros Terres (Area: Olivia's Pond - Difficulty: 0) CreateObject1
(@ZGUID+185, 133441, 0, 1519, 5316, 0, 0, 0, 0, 1, -8209.2880859375, 825.39581298828125, 70.63021087646484375, 4.271554470062255859, 120, 0, 0, 112919, 0, 0, NULL, NULL, NULL, NULL, 52649), -- Trained Brightlance (Area: Olivia's Pond - Difficulty: 0) CreateObject1
(@ZGUID+186, 133509, 0, 1519, 5316, 0, 0, 0, 0, 0, -8215.794921875, 833.79864501953125, 70.1280059814453125, 0.223498865962028503, 120, 0, 0, 90335, 7196, 0, NULL, NULL, NULL, NULL, 52649), -- Riftwarden Acolyte (Area: Olivia's Pond - Difficulty: 0) CreateObject1
(@ZGUID+187, 42421, 0, 1519, 5316, 0, 0, 0, 0, 1, -8299.3486328125, 822.82293701171875, 96.125, 3.246312379837036132, 120, 0, 0, 115177, 0, 0, NULL, NULL, NULL, NULL, 52649), -- Stormwind Fisherman (Area: Olivia's Pond - Difficulty: 0) CreateObject1
(@ZGUID+188, 721, 0, 1519, 5316, 0, 0, 0, 0, 0, -8276.759765625, 841.07623291015625, 99.50860595703125, 1.932081222534179687, 120, 10, 0, 1, 0, 1, NULL, NULL, NULL, NULL, 52649), -- Rabbit (Area: Olivia's Pond - Difficulty: 0) CreateObject1 (possible waypoints or random movement)
(@ZGUID+189, 133363, 0, 1519, 5316, 0, 0, 0, 0, 0, -8221.9892578125, 819.35589599609375, 70.1280059814453125, 5.204321861267089843, 120, 0, 0, 112919, 3155, 0, NULL, NULL, NULL, NULL, 52649), -- Aevedos (Area: Olivia's Pond - Difficulty: 0) CreateObject1
(@ZGUID+190, 133433, 0, 1519, 5316, 0, 0, 0, 0, 1, -8158.70166015625, 715.02398681640625, 68.77529144287109375, 2.733934402465820312, 120, 10, 0, 112919, 0, 1, NULL, NULL, NULL, NULL, 52649), -- Ghostblade Scout (Area: Olivia's Pond - Difficulty: 0) CreateObject1 (possible waypoints or random movement)
(@ZGUID+191, 43451, 0, 1519, 5316, 0, 0, 0, 0, 0, -8184.986328125, 641.91571044921875, 68.18161773681640625, 2.65789961814880371, 120, 0, 0, 99, 0, 0, NULL, NULL, NULL, NULL, 52649), -- Olivia Jayne (Area: Olivia's Pond - Difficulty: 0) CreateObject1
(@ZGUID+192, 133433, 0, 1519, 5316, 0, 0, 0, 0, 1, -8219.876953125, 809.890625, 70.22481536865234375, 0.01007846649736166, 120, 0, 0, 112919, 0, 0, NULL, NULL, NULL, NULL, 52649), -- Ghostblade Scout (Area: Olivia's Pond - Difficulty: 0) CreateObject2
(@ZGUID+193, 133408, 0, 1519, 5316, 0, 0, 0, 0, 0, -8144.50537109375, 797.53643798828125, 74.12969970703125, 5.57729959487915039, 120, 0, 0, 112919, 0, 0, NULL, NULL, NULL, NULL, 52649), -- Ashlee Umberleaf (Area: Olivia's Pond - Difficulty: 0) CreateObject1
(@ZGUID+194, 133509, 0, 1519, 5316, 0, 0, 0, 0, 0, -8172.3125, 823.2274169921875, 74.4777069091796875, 0.854066193103790283, 120, 0, 0, 90335, 7196, 0, NULL, NULL, NULL, NULL, 52649), -- Riftwarden Acolyte (Area: Olivia's Pond - Difficulty: 0) CreateObject1
(@ZGUID+195, 133672, 0, 1519, 5316, 0, 0, 0, 0, 0, -8213.98828125, 835.22052001953125, 70.1280059814453125, 3.84338235855102539, 120, 0, 0, 90335, 7196, 0, NULL, NULL, NULL, NULL, 52649), -- Master Arcanist (Area: Olivia's Pond - Difficulty: 0) CreateObject1
(@ZGUID+196, 72654, 0, 1519, 5316, 0, 0, 0, 0, 0, -8163.1318359375, 777.22918701171875, 76.84771728515625, 6.195094108581542968, 120, 0, 0, 112919, 0, 0, NULL, NULL, NULL, NULL, 52649), -- General Purpose Stalker (RKS) (Area: Olivia's Pond - Difficulty: 0) CreateObject1
(@ZGUID+197, 68, 0, 1519, 5316, 0, 0, 0, 0, 1, -8167.203125, 795.4774169921875, 74.46102142333984375, 3.801042079925537109, 120, 0, 0, 169379, 0, 0, NULL, NULL, NULL, NULL, 52649), -- Stormwind City Guard (Area: Olivia's Pond - Difficulty: 0) CreateObject1 (Auras: )
(@ZGUID+198, 68, 0, 1519, 5316, 0, 0, 0, 0, 1, -8175.07666015625, 803.56597900390625, 74.1561126708984375, 4.07372903823852539, 120, 0, 0, 169379, 0, 0, NULL, NULL, NULL, NULL, 52649), -- Stormwind City Guard (Area: Olivia's Pond - Difficulty: 0) CreateObject1 (Auras: )
(@ZGUID+199, 158120, 0, 1519, 5316, 0, 0, 0, 0, 0, -8155.26416015625, 804.60211181640625, 76.04152679443359375, 2.344829320907592773, 120, 0, 0, 112919, 0, 0, NULL, NULL, NULL, NULL, 52649), -- Dark Iron Representative (Area: Olivia's Pond - Difficulty: 0) CreateObject1
(@ZGUID+200, 158119, 0, 1519, 5316, 0, 0, 0, 0, 0, -8162.77587890625, 815.94793701171875, 75.80060577392578125, 3.413672924041748046, 120, 0, 0, 112919, 0, 0, NULL, NULL, NULL, NULL, 52649), -- Kul Tiran Representative (Area: Olivia's Pond - Difficulty: 0) CreateObject1
(@ZGUID+201, 158120, 0, 1519, 5316, 0, 0, 0, 0, 0, -8164.8505859375, 815.19793701171875, 76.0498046875, 0.702419400215148925, 120, 0, 0, 112919, 0, 0, NULL, NULL, NULL, NULL, 52649), -- Dark Iron Representative (Area: Olivia's Pond - Difficulty: 0) CreateObject1
(@ZGUID+202, 158123, 0, 1519, 5316, 0, 0, 0, 0, 0, -8164.359375, 817.02081298828125, 76.0498046875, 5.015660762786865234, 120, 0, 0, 112919, 0, 0, NULL, NULL, NULL, NULL, 52649), -- Void Elf Representative (Area: Olivia's Pond - Difficulty: 0) CreateObject1

-- Area: Stormwind Embassy

(@ZGUID+203, 133441, 0, 1519, 9171, 0, 0, 0, 0, 1, -8170.658203125, 825.42706298828125, 74.21271514892578125, 3.760494232177734375, 120, 0, 0, 112919, 0, 0, NULL, NULL, NULL, NULL, 52649), -- Trained Brightlance (Area: Stormwind Embassy - Difficulty: 0) CreateObject1
(@ZGUID+204, 133409, 0, 1519, 9171, 0, 0, 0, 0, 0, -8141.828125, 800.8350830078125, 73.996673583984375, 4.1182708740234375, 120, 0, 0, 112919, 0, 0, NULL, NULL, NULL, NULL, 52649), -- Alliance Gryphon (Area: Stormwind Embassy - Difficulty: 0) CreateObject1
(@ZGUID+205, 158120, 0, 1519, 9171, 0, 0, 0, 0, 0, -8159.015625, 825.3194580078125, 76.0498046875, 4.036069393157958984, 120, 0, 0, 112919, 0, 0, NULL, NULL, NULL, NULL, 52649), -- Dark Iron Representative (Area: Stormwind Embassy - Difficulty: 0) CreateObject1
(@ZGUID+206, 133409, 0, 1519, 9171, 0, 0, 0, 0, 0, -8137.27587890625, 804.4774169921875, 73.996673583984375, 6.083271503448486328, 120, 0, 0, 112919, 0, 0, NULL, NULL, NULL, NULL, 52649), -- Alliance Gryphon (Area: Stormwind Embassy - Difficulty: 0) CreateObject1
(@ZGUID+207, 133411, 0, 1519, 9171, 0, 0, 0, 0, 0, -8195.1455078125, 842.9149169921875, 70.04467010498046875, 4.47919321060180664, 120, 0, 0, 118565, 0, 0, NULL, NULL, NULL, NULL, 52649), -- Dalia Skyblossom (Area: Stormwind Embassy - Difficulty: 0) CreateObject1 (Auras: 262246 - Cook Meat)
(@ZGUID+208, 112698, 0, 1519, 9171, 0, 0, 0, 0, 0, -8184.18359375, 840.83721923828125, 70.208526611328125, 1.379494190216064453, 120, 10, 0, 5647, 0, 1, NULL, NULL, NULL, NULL, 52649), -- Cat (Area: Stormwind Embassy - Difficulty: 0) CreateObject1 (possible waypoints or random movement)
(@ZGUID+209, 133431, 0, 1519, 9171, 0, 0, 0, 0, 1, -8197.111328125, 844.34722900390625, 70.1280059814453125, 0.541749835014343261, 120, 0, 0, 112919, 0, 0, NULL, NULL, NULL, NULL, 52649), -- Lightforged Sunshield (Area: Stormwind Embassy - Difficulty: 0) CreateObject1
(@ZGUID+210, 158119, 0, 1519, 9171, 0, 0, 0, 0, 0, -8147.783203125, 811.43927001953125, 76.0498046875, 5.08959197998046875, 120, 0, 0, 112919, 0, 0, NULL, NULL, NULL, NULL, 52649), -- Kul Tiran Representative (Area: Stormwind Embassy - Difficulty: 0) CreateObject1
(@ZGUID+211, 158123, 0, 1519, 9171, 0, 0, 0, 0, 0, -8160.09375, 824.6961669921875, 76.0498046875, 0.337191343307495117, 120, 0, 0, 112919, 0, 0, NULL, NULL, NULL, NULL, 52649), -- Void Elf Representative (Area: Stormwind Embassy - Difficulty: 0) CreateObject1
(@ZGUID+212, 158125, 0, 1519, 9171, 0, 0, 0, 0, 0, -8147.18603515625, 809.5225830078125, 76.0498046875, 1.653629660606384277, 120, 0, 0, 112919, 0, 0, NULL, NULL, NULL, NULL, 52649), -- Lightforged Representative (Area: Stormwind Embassy - Difficulty: 0) CreateObject1
(@ZGUID+213, 126332, 0, 1519, 9171, 0, 0, 0, 0, 0, -8151.033203125, 818.5538330078125, 75.80060577392578125, 3.977140188217163085, 120, 0, 0, 2258380, 0, 0, NULL, NULL, NULL, NULL, 52649), -- Aysa Cloudsinger (Area: Stormwind Embassy - Difficulty: 0) CreateObject1
(@ZGUID+214, 50933, 0, 1519, 9171, 0, 0, 0, 0, 0, -8175.59716796875, 841.80548095703125, 70.06845855712890625, 1.925048232078552246, 120, 10, 0, 112919, 0, 1, NULL, NULL, NULL, NULL, 52649), -- Drake (Area: Stormwind Embassy - Difficulty: 0) CreateObject1 (possible waypoints or random movement)
(@ZGUID+215, 50927, 0, 1519, 9171, 0, 0, 0, 0, 0, -8173.32080078125, 836.10760498046875, 70.76416015625, 5.407252311706542968, 120, 10, 0, 112919, 0, 1, NULL, NULL, NULL, NULL, 52649), -- Jasper (Area: Stormwind Embassy - Difficulty: 0) CreateObject1 (possible waypoints or random movement)
(@ZGUID+216, 158125, 0, 1519, 9171, 0, 0, 0, 0, 0, -8144.01904296875, 821.1407470703125, 76.00490570068359375, 2.21088266372680664, 120, 0, 0, 112919, 0, 0, NULL, NULL, NULL, NULL, 52649), -- Lightforged Representative (Area: Stormwind Embassy - Difficulty: 0) CreateObject1
(@ZGUID+217, 68, 0, 1519, 9171, 0, 0, 0, 0, 1, -8131.37841796875, 815.201416015625, 73.996673583984375, 5.414008617401123046, 120, 0, 0, 169379, 0, 0, NULL, NULL, NULL, NULL, 52649), -- Stormwind City Guard (Area: Stormwind Embassy - Difficulty: 0) CreateObject1 (Auras: )
(@ZGUID+218, 133441, 0, 1519, 9171, 0, 0, 0, 0, 1, -8159.5615234375, 837.79620361328125, 74.57794189453125, 5.035013198852539062, 120, 0, 0, 112919, 0, 0, NULL, NULL, NULL, NULL, 52649), -- Trained Brightlance (Area: Stormwind Embassy - Difficulty: 0) CreateObject1
(@ZGUID+219, 51348, 0, 1519, 9171, 0, 0, 0, 0, 1, -8263.8994140625, 823.06109619140625, 192.4788360595703125, 4.183328151702880859, 120, 0, 0, 169379, 0, 0, NULL, NULL, NULL, NULL, 52649), -- Stormwind Gryphon Rider (Area: Stormwind Embassy - Difficulty: 0) CreateObject1 (Auras: )

(@ZGUID+222, 68, 0, 1519, 9171, 0, 0, 0, 0, 1, -8121.91650390625, 825.92608642578125, 74.29864501953125, 2.944005489349365234, 120, 0, 0, 169379, 0, 0, NULL, NULL, NULL, NULL, 52649), -- Stormwind City Guard (Area: Stormwind Embassy - Difficulty: 0) CreateObject1 (Auras: )
(@ZGUID+223, 133322, 0, 1519, 9171, 0, 0, 0, 0, 0, -8138.94775390625, 869.88543701171875, 76.57025146484375, 3.918072462081909179, 120, 0, 0, 112919, 0, 0, NULL, NULL, NULL, NULL, 52649), -- Elya (Area: Stormwind Embassy - Difficulty: 0) CreateObject1
(@ZGUID+224, 133433, 0, 1519, 9171, 0, 0, 0, 0, 1, -8132.375, 828.30035400390625, 74.01259613037109375, 0.866363584995269775, 120, 0, 0, 112919, 0, 0, NULL, NULL, NULL, NULL, 52649), -- Ghostblade Scout (Area: Stormwind Embassy - Difficulty: 0) CreateObject1
(@ZGUID+225, 68, 0, 1519, 9171, 0, 0, 0, 0, 1, -8141.84033203125, 858.125, 75.83577728271484375, 3.661317110061645507, 120, 0, 0, 169379, 0, 0, NULL, NULL, NULL, NULL, 52649), -- Stormwind City Guard (Area: Stormwind Embassy - Difficulty: 0) CreateObject1 (Auras: )
(@ZGUID+226, 133394, 0, 1519, 9171, 0, 0, 0, 0, 0, -8142.7568359375, 833.1319580078125, 73.96771240234375, 0.680678427219390869, 120, 0, 0, 112919, 3155, 0, NULL, NULL, NULL, NULL, 52649), -- Elestrae Dawnshard (Area: Stormwind Embassy - Difficulty: 0) CreateObject1
(@ZGUID+227, 143711, 0, 1519, 9171, 0, 0, 0, 0, 0, -8181.390625, 852.74481201171875, 70.1387939453125, 5.391848087310791015, 120, 0, 0, 564595, 3155, 0, NULL, NULL, NULL, NULL, 52649), -- Nicanor Ward (Area: Stormwind Embassy - Difficulty: 0) CreateObject1
(@ZGUID+228, 133441, 0, 1519, 9171, 0, 0, 0, 0, 1, -8140.359375, 836.154541015625, 74.0936737060546875, 0.718078792095184326, 120, 0, 0, 112919, 0, 0, NULL, NULL, NULL, NULL, 52649), -- Trained Brightlance (Area: Stormwind Embassy - Difficulty: 0) CreateObject1
(@ZGUID+229, 721, 0, 1519, 9171, 0, 0, 0, 0, 0, -8202.3857421875, 866.97705078125, 71.27228546142578125, 1.417207956314086914, 120, 10, 0, 1, 0, 1, NULL, NULL, NULL, NULL, 52649), -- Rabbit (Area: Stormwind Embassy - Difficulty: 0) CreateObject1 (possible waypoints or random movement)
(@ZGUID+230, 209299, 0, 1519, 9171, 0, 0, 0, 0, 0, -8175.53662109375, 855.19268798828125, 70.2027435302734375, 3.651153564453125, 120, 0, 0, 90335, 7196, 0, NULL, NULL, NULL, NULL, 52649), -- Haoqi the Curious (Area: Stormwind Embassy - Difficulty: 0) CreateObject1
(@ZGUID+231, 129679, 0, 1519, 9171, 0, 0, 0, 0, 0, -8177.859375, 856.20489501953125, 70.13372802734375, 5.272488594055175781, 120, 0, 0, 451675, 7196, 0, NULL, NULL, NULL, NULL, 52649), -- Shani Ward (Area: Stormwind Embassy - Difficulty: 0) CreateObject1
(@ZGUID+232, 68, 0, 1519, 9171, 0, 0, 0, 0, 1, -8154.38037109375, 838.404541015625, 74.29506683349609375, 2.348163366317749023, 120, 0, 0, 169379, 0, 0, NULL, NULL, NULL, NULL, 52649), -- Stormwind City Guard (Area: Stormwind Embassy - Difficulty: 0) CreateObject1 (Auras: )
(@ZGUID+233, 133369, 0, 1519, 9171, 0, 0, 0, 0, 0, -8137.21875, 865.5069580078125, 76.5770721435546875, 3.453350782394409179, 120, 0, 0, 112919, 0, 0, NULL, NULL, NULL, NULL, 52649), -- Druben Stoutarm (Area: Stormwind Embassy - Difficulty: 0) CreateObject1
(@ZGUID+234, 133332, 0, 1519, 9171, 0, 0, 0, 0, 1, -8152.45166015625, 877.72918701171875, 76.61544036865234375, 0.339578598737716674, 120, 0, 0, 118565, 0, 0, NULL, NULL, NULL, NULL, 52649), -- Statiks Quikfuse (Area: Stormwind Embassy - Difficulty: 0) CreateObject1

(@ZGUID+236, 133326, 0, 1519, 9171, 0, 0, 0, 0, 0, -8149.82275390625, 879.670166015625, 76.36163330078125, 4.023930549621582031, 120, 0, 0, 112919, 0, 0, NULL, NULL, NULL, NULL, 52649), -- Artificer Farud (Area: Stormwind Embassy - Difficulty: 0) CreateObject1
(@ZGUID+237, 1976, 0, 1519, 9171, 0, 0, 0, 0, 4, -8227.408203125, 877.42138671875, 106.3090286254882812, 4.172673225402832031, 120, 10, 0, 169379, 0, 1, NULL, NULL, NULL, NULL, 52649), -- Stormwind City Patroller (Area: Stormwind Embassy - Difficulty: 0) CreateObject1 (Auras: ) (possible waypoints or random movement)
(@ZGUID+238, 1412, 0, 1519, 9171, 0, 0, 0, 0, 0, -8162.341796875, 901.33697509765625, 72.41082000732421875, 0.183024749159812927, 120, 10, 0, 5, 0, 1, NULL, NULL, NULL, NULL, 52649), -- Squirrel (Area: Stormwind Embassy - Difficulty: 0) CreateObject1 (possible waypoints or random movement)
(@ZGUID+239, 176242, 0, 1519, 9171, 0, 0, 0, 0, 0, -8285.486328125, 847.6319580078125, 101.1020431518554687, 1.465356945991516113, 120, 0, 0, 90335, 7196, 0, NULL, NULL, NULL, NULL, 52649), -- Ryth the Melodious (Area: Stormwind Embassy - Difficulty: 0) CreateObject1 (Auras: 303032 - Placeholder [DNT])
(@ZGUID+240, 721, 0, 1519, 9171, 0, 0, 0, 0, 0, -8234.5927734375, 897.35430908203125, 98.5705718994140625, 3.792454957962036132, 120, 10, 0, 1, 0, 1, NULL, NULL, NULL, NULL, 52649), -- Rabbit (Area: Stormwind Embassy - Difficulty: 0) CreateObject1 (possible waypoints or random movement)
(@ZGUID+241, 68, 0, 1519, 9171, 0, 0, 0, 0, 1, -8252.75, 920.17401123046875, 98.07523345947265625, 2.984513044357299804, 120, 0, 0, 169379, 0, 0, NULL, NULL, NULL, NULL, 52649), -- Stormwind City Guard (Area: Stormwind Embassy - Difficulty: 0) CreateObject1 (Auras: )
(@ZGUID+242, 68, 0, 1519, 9171, 0, 0, 0, 0, 1, -8254.1396484375, 911.62200927734375, 98.117034912109375, 2.879793167114257812, 120, 0, 0, 169379, 0, 0, NULL, NULL, NULL, NULL, 52649), -- Stormwind City Guard (Area: Stormwind Embassy - Difficulty: 0) CreateObject1 (Auras: )
(@ZGUID+243, 68, 0, 1519, 9171, 0, 0, 0, 0, 1, -8263.919921875, 889.68902587890625, 100.50433349609375, 2.426007747650146484, 120, 0, 0, 169379, 0, 0, NULL, NULL, NULL, NULL, 52649), -- Stormwind City Guard (Area: Stormwind Embassy - Difficulty: 0) CreateObject1 (Auras: )
(@ZGUID+244, 2442, 0, 1519, 9171, 0, 0, 0, 0, 0, -8060.20654296875, 829.30035400390625, 67.76078033447265625, 3.525565147399902343, 120, 0, 0, 1, 0, 0, NULL, NULL, NULL, NULL, 52649), -- Cow (Area: Stormwind Embassy - Difficulty: 0) CreateObject1
(@ZGUID+245, 2442, 0, 1519, 9171, 0, 0, 0, 0, 0, -8066.033203125, 882.16668701171875, 68.03284454345703125, 4.931676864624023437, 120, 10, 0, 1, 0, 1, NULL, NULL, NULL, NULL, 52649), -- Cow (Area: Stormwind Embassy - Difficulty: 0) CreateObject1 (possible waypoints or random movement)
(@ZGUID+246, 133441, 0, 1519, 9171, 0, 0, 0, 0, 1, -8078.48779296875, 911.2742919921875, 71.6979217529296875, 0.698351144790649414, 120, 0, 0, 112919, 0, 0, NULL, NULL, NULL, NULL, 52649), -- Trained Brightlance (Area: Stormwind Embassy - Difficulty: 0) CreateObject1
(@ZGUID+247, 133441, 0, 1519, 9171, 0, 0, 0, 0, 1, -8080.83837890625, 918.95660400390625, 71.5186920166015625, 0.575647592544555664, 120, 0, 0, 112919, 0, 0, NULL, NULL, NULL, NULL, 52649), -- Trained Brightlance (Area: Stormwind Embassy - Difficulty: 0) CreateObject1
(@ZGUID+248, 133441, 0, 1519, 9171, 0, 0, 0, 0, 1, -8079.1025390625, 906.24481201171875, 71.4319305419921875, 0.750048398971557617, 120, 0, 0, 112919, 0, 0, NULL, NULL, NULL, NULL, 52649), -- Trained Brightlance (Area: Stormwind Embassy - Difficulty: 0) CreateObject1
(@ZGUID+249, 2442, 0, 1519, 9171, 0, 0, 0, 0, 0, -8047.99169921875, 843.291748046875, 68.0083465576171875, 5.218487739562988281, 120, 10, 0, 1, 0, 1, NULL, NULL, NULL, NULL, 52649), -- Cow (Area: Stormwind Embassy - Difficulty: 0) CreateObject1 (possible waypoints or random movement)
(@ZGUID+250, 133441, 0, 1519, 9171, 0, 0, 0, 0, 1, -8085.21728515625, 913.59375, 71.55792999267578125, 0.607198596000671386, 120, 0, 0, 112919, 0, 0, NULL, NULL, NULL, NULL, 52649), -- Trained Brightlance (Area: Stormwind Embassy - Difficulty: 0) CreateObject1
(@ZGUID+251, 112698, 0, 1519, 9171, 0, 0, 0, 0, 0, -8051.46533203125, 851.99609375, 68.4583282470703125, 0.366542816162109375, 120, 10, 0, 5647, 0, 1, NULL, NULL, NULL, NULL, 52649), -- Cat (Area: Stormwind Embassy - Difficulty: 0) CreateObject1 (possible waypoints or random movement)
(@ZGUID+252, 133441, 0, 1519, 9171, 0, 0, 0, 0, 1, -8081.828125, 914.513916015625, 71.6308441162109375, 0.625677227973937988, 120, 0, 0, 112919, 0, 0, NULL, NULL, NULL, NULL, 52649), -- Trained Brightlance (Area: Stormwind Embassy - Difficulty: 0) CreateObject1
(@ZGUID+253, 133441, 0, 1519, 9171, 0, 0, 0, 0, 1, -8073.73095703125, 911.63018798828125, 71.6503448486328125, 0.745349526405334472, 120, 0, 0, 112919, 0, 0, NULL, NULL, NULL, NULL, 52649), -- Trained Brightlance (Area: Stormwind Embassy - Difficulty: 0) CreateObject1
(@ZGUID+254, 133441, 0, 1519, 9171, 0, 0, 0, 0, 1, -8082.283203125, 910.23785400390625, 71.626739501953125, 0.673666834831237792, 120, 0, 0, 112919, 0, 0, NULL, NULL, NULL, NULL, 52649), -- Trained Brightlance (Area: Stormwind Embassy - Difficulty: 0) CreateObject1
(@ZGUID+255, 133441, 0, 1519, 9171, 0, 0, 0, 0, 1, -8076.8818359375, 915.14410400390625, 71.68360137939453125, 0.665841400623321533, 120, 0, 0, 112919, 0, 0, NULL, NULL, NULL, NULL, 52649), -- Trained Brightlance (Area: Stormwind Embassy - Difficulty: 0) CreateObject1
(@ZGUID+256, 133106, 0, 1519, 9171, 0, 0, 0, 0, 0, -8069.02587890625, 911.35589599609375, 71.54834747314453125, 2.318689823150634765, 120, 0, 0, 112919, 0, 0, NULL, NULL, NULL, NULL, 52649), -- Aressa (Area: Stormwind Embassy - Difficulty: 0) CreateObject1
(@ZGUID+257, 133441, 0, 1519, 9171, 0, 0, 0, 0, 1, -8075.3525390625, 923.97918701171875, 70.91320037841796875, 4.073292255401611328, 120, 0, 0, 112919, 0, 0, NULL, NULL, NULL, NULL, 52649), -- Trained Brightlance (Area: Stormwind Embassy - Difficulty: 0) CreateObject1
(@ZGUID+258, 133441, 0, 1519, 9171, 0, 0, 0, 0, 1, -8068.61474609375, 916.31427001953125, 71.70833587646484375, 3.760919809341430664, 120, 0, 0, 112919, 0, 0, NULL, NULL, NULL, NULL, 52649), -- Trained Brightlance (Area: Stormwind Embassy - Difficulty: 0) CreateObject1
(@ZGUID+259, 133441, 0, 1519, 9171, 0, 0, 0, 0, 1, -8072.376953125, 920.31427001953125, 71.35070037841796875, 3.930729389190673828, 120, 0, 0, 112919, 0, 0, NULL, NULL, NULL, NULL, 52649), -- Trained Brightlance (Area: Stormwind Embassy - Difficulty: 0) CreateObject1
(@ZGUID+260, 51348, 0, 1519, 9171, 0, 0, 0, 0, 1, -8186.79345703125, 934.9111328125, 174.592132568359375, 5.468905925750732421, 120, 10, 0, 169379, 0, 1, NULL, NULL, NULL, NULL, 52649), -- Stormwind Gryphon Rider (Area: Stormwind Embassy - Difficulty: 0) CreateObject1 (Auras: ) (possible waypoints or random movement)
(@ZGUID+261, 133441, 0, 1519, 9171, 0, 0, 0, 0, 1, -8070.58349609375, 924.09722900390625, 71.1982269287109375, 3.969225168228149414, 120, 0, 0, 112919, 0, 0, NULL, NULL, NULL, NULL, 52649), -- Trained Brightlance (Area: Stormwind Embassy - Difficulty: 0) CreateObject1
(@ZGUID+262, 133441, 0, 1519, 9171, 0, 0, 0, 0, 1, -8066.7412109375, 924.94964599609375, 71.5711822509765625, 3.912121772766113281, 120, 0, 0, 112919, 0, 0, NULL, NULL, NULL, NULL, 52649), -- Trained Brightlance (Area: Stormwind Embassy - Difficulty: 0) CreateObject1
(@ZGUID+263, 133441, 0, 1519, 9171, 0, 0, 0, 0, 1, -8067.40966796875, 920.69793701171875, 71.70833587646484375, 3.840475797653198242, 120, 0, 0, 112919, 0, 0, NULL, NULL, NULL, NULL, 52649), -- Trained Brightlance (Area: Stormwind Embassy - Difficulty: 0) CreateObject1
(@ZGUID+264, 133441, 0, 1519, 9171, 0, 0, 0, 0, 1, -8069.720703125, 929.092041015625, 70.9305877685546875, 4.036992549896240234, 120, 0, 0, 112919, 0, 0, NULL, NULL, NULL, NULL, 52649), -- Trained Brightlance (Area: Stormwind Embassy - Difficulty: 0) CreateObject1
(@ZGUID+265, 133441, 0, 1519, 9171, 0, 0, 0, 0, 1, -8063.9775390625, 921.45489501953125, 72.11632537841796875, 3.798981189727783203, 120, 0, 0, 112919, 0, 0, NULL, NULL, NULL, NULL, 52649), -- Trained Brightlance (Area: Stormwind Embassy - Difficulty: 0) CreateObject1
(@ZGUID+266, 2442, 0, 1519, 9171, 0, 0, 0, 0, 0, -8029.8994140625, 820.138916015625, 68.58746337890625, 1.902963161468505859, 120, 10, 0, 1, 0, 1, NULL, NULL, NULL, NULL, 52649), -- Cow (Area: Stormwind Embassy - Difficulty: 0) CreateObject1 (possible waypoints or random movement)
(@ZGUID+267, 112694, 0, 1519, 9171, 0, 0, 0, 0, 0, -8066.12548828125, 738.05853271484375, 67.15007781982421875, 2.412771224975585937, 120, 10, 0, 5647, 0, 1, NULL, NULL, NULL, NULL, 52649), -- Cat (Area: Stormwind Embassy - Difficulty: 0) CreateObject1 (possible waypoints or random movement)

(@ZGUID+269, 2442, 0, 1519, 5397, 0, 0, 0, 0, 0, -8018.29541015625, 783.6556396484375, 67.54657745361328125, 1.919934272766113281, 120, 0, 0, 1, 0, 0, NULL, NULL, NULL, NULL, 52649), -- Cow (Area: The Wollerton Stead - Difficulty: 0) CreateObject1
(@ZGUID+270, 73636, 0, 1519, 5397, 0, 0, 0, 0, 0, -8066.4365234375, 709.3931884765625, 68.72974395751953125, 0.115618467330932617, 120, 0, 0, 27, 0, 0, NULL, NULL, NULL, NULL, 52649), -- Jasmine (Area: The Wollerton Stead - Difficulty: 0) CreateObject1
(@ZGUID+271, 73637, 0, 1519, 5397, 0, 0, 0, 0, 0, -8061.87890625, 720.1800537109375, 71.632598876953125, 5.363217353820800781, 120, 0, 0, 11292, 0, 0, NULL, NULL, NULL, NULL, 52649), -- Butterflies (Area: The Wollerton Stead - Difficulty: 0) CreateObject1
(@ZGUID+272, 112694, 0, 1519, 5397, 0, 0, 0, 0, 0, -8012.4990234375, 769.49609375, 68.5417022705078125, 2.519980192184448242, 120, 0, 0, 5647, 0, 0, NULL, NULL, NULL, NULL, 52649), -- Cat (Area: The Wollerton Stead - Difficulty: 0) CreateObject1
(@ZGUID+273, 2442, 0, 1519, 5397, 0, 0, 0, 0, 0, -8025.36962890625, 810.4305419921875, 68.3087615966796875, 3.159045934677124023, 120, 0, 0, 1, 0, 0, NULL, NULL, NULL, NULL, 52649), -- Cow (Area: The Wollerton Stead - Difficulty: 0) CreateObject1
(@ZGUID+274, 133433, 0, 1519, 9171, 0, 0, 0, 0, 1, -8212.0595703125, 809.33502197265625, 70.10572052001953125, 5.86380767822265625, 120, 0, 0, 112919, 0, 0, NULL, NULL, NULL, NULL, 52649); -- Ghostblade Scout (Area: Stormwind Embassy - Difficulty: 0) CreateObject1


DELETE FROM `gameobject` WHERE `guid` BETWEEN @FGUID+0 AND @FGUID+515;
INSERT INTO `gameobject` (`guid`, `id`, `map`, `zoneId`, `areaId`, `spawnDifficulties`, `PhaseId`, `PhaseGroup`, `position_x`, `position_y`, `position_z`, `orientation`, `rotation0`, `rotation1`, `rotation2`, `rotation3`, `spawntimesecs`, `animprogress`, `state`, `VerifiedBuild`) VALUES
(@FGUID+453, 350063, 0, 1519, 0, 0, 0, 0, -8196.39453125, 744.904541015625, 76.43845367431640625, 0.205067232251167297, 0, 0, 0.102354049682617187, 0.994748055934906005, 120, 255, 1, 52649), -- Chromie's Hourglass (Area: 0 - Difficulty: 0) CreateObject1
(@FGUID+454, 218719, 0, 1519, 0, 0, 0, 0, -8203.171875, 651.4913330078125, 67.15387725830078125, 0, 0, 0, 0, 1, 120, 255, 1, 52649), -- Raft (Area: 0 - Difficulty: 0) CreateObject1
(@FGUID+455, 204281, 0, 1519, 0, 0, 0, 0, -8187.111328125, 754.59893798828125, 73.65544891357421875, 4.258606910705566406, 0, 0, -0.84804725646972656, 0.529920578002929687, 120, 255, 1, 52649), -- Worm Mound (Area: 0 - Difficulty: 0) CreateObject1
(@FGUID+456, 204281, 0, 1519, 0, 0, 0, 0, -8222.361328125, 789.28125, 76.64725494384765625, 0, 0, 0, 0, 1, 120, 255, 1, 52649), -- Worm Mound (Area: 0 - Difficulty: 0) CreateObject1
-- (@FGUID+457, 375073, 0, 1519, 5316, 0, 0, 0, 0, 0, 0, 2.54009103775024414, 0, 0, 0.955114364624023437, 0.296237349510192871, 120, 255, 1, 52649), -- The Rugged Dragonscale (Area: Olivia's Pond - Difficulty: 0) CreateObject1 - !!! transport !!!
(@FGUID+458, 203800, 0, 1519, 5316, 0, 0, 0, -8299.2080078125, 825.4617919921875, 95.73593902587890625, 0, 0, 0, 0, 1, 120, 255, 1, 52649), -- Barrel of Canal Fish (Area: Olivia's Pond - Difficulty: 0) CreateObject1
(@FGUID+459, 278311, 0, 1519, 5316, 0, 0, 0, -8205.126953125, 824.01739501953125, 70.47891998291015625, 5.576327323913574218, 0, 0, -0.34611701965332031, 0.938191354274749755, 120, 255, 1, 52649), -- Bonfire (Area: Olivia's Pond - Difficulty: 0) CreateObject1
(@FGUID+460, 203751, 0, 1519, 5316, 0, 0, 0, -8132.32275390625, 752.5382080078125, 67.284332275390625, 0, 0, 0, 0, 1, 120, 255, 0, 52649), -- Stormwind Pumpkin (Area: Olivia's Pond - Difficulty: 0) CreateObject1
(@FGUID+461, 204281, 0, 1519, 5316, 0, 0, 0, -8167.92041015625, 810.203125, 73.59693145751953125, 4.014260292053222656, 0, 0, -0.90630722045898437, 0.422619491815567016, 120, 255, 1, 52649), -- Worm Mound (Area: Olivia's Pond - Difficulty: 0) CreateObject1
(@FGUID+462, 204281, 0, 1519, 5316, 0, 0, 0, -8156.45166015625, 719.07464599609375, 69.26458740234375, 5.270895957946777343, 0, 0, -0.48480892181396484, 0.87462007999420166, 120, 255, 1, 52649), -- Worm Mound (Area: Olivia's Pond - Difficulty: 0) CreateObject1
(@FGUID+463, 278324, 0, 1519, 5316, 0, 0, 0, -8166.53955078125, 818.25762939453125, 75.89896392822265625, 3.926995515823364257, 0, 0, -0.92387866973876953, 0.38268551230430603, 120, 255, 1, 52649), -- Chair (Area: Olivia's Pond - Difficulty: 0) CreateObject1
(@FGUID+464, 278325, 0, 1519, 5316, 0, 0, 0, -8166.93310546875, 815.52960205078125, 75.89896392822265625, 2.59181070327758789, 0, 0, 0.962454795837402343, 0.271441996097564697, 120, 255, 1, 52649), -- Chair (Area: Olivia's Pond - Difficulty: 0) CreateObject1
(@FGUID+465, 278330, 0, 1519, 5316, 0, 0, 0, -8151.375, 805.238525390625, 75.966461181640625, 1.422442793846130371, 0, 0, 0.652759552001953125, 0.757565200328826904, 120, 255, 1, 52649), -- Chair (Area: Olivia's Pond - Difficulty: 0) CreateObject1
(@FGUID+466, 278310, 0, 1519, 5316, 0, 0, 0, -8173.923828125, 801.70489501953125, 74.3568267822265625, 3.961903095245361328, 0, 0, -0.91705894470214843, 0.398751676082611083, 120, 255, 1, 52649), -- Mailbox (Area: Olivia's Pond - Difficulty: 0) CreateObject1
(@FGUID+467, 281204, 0, 1519, 9171, 0, 0, 0, -8200.955078125, 838.6163330078125, 70.04467010498046875, 5.068156242370605468, 0, 0, -0.57082843780517578, 0.82106935977935791, 120, 255, 1, 52649), -- Cooking Table (Area: Stormwind Embassy - Difficulty: 0) CreateObject1
(@FGUID+468, 278326, 0, 1519, 9171, 0, 0, 0, -8155.22314453125, 811.36871337890625, 75.7172698974609375, 5.497788906097412109, 0, 0, -0.38268280029296875, 0.923879802227020263, 120, 255, 1, 52649), -- Bench (Area: Stormwind Embassy - Difficulty: 0) CreateObject1
(@FGUID+469, 278327, 0, 1519, 9171, 0, 0, 0, -8152.15087890625, 808.314453125, 75.7172698974609375, 2.356194972991943359, 0, 0, 0.923879623413085937, 0.382683247327804565, 120, 255, 1, 52649), -- Bench (Area: Stormwind Embassy - Difficulty: 0) CreateObject1
(@FGUID+470, 278332, 0, 1519, 9171, 0, 0, 0, -8158.24755859375, 814.6324462890625, 75.7172698974609375, 2.33001255989074707, 0, 0, 0.918790817260742187, 0.394744753837585449, 120, 255, 1, 52649), -- Bench (Area: Stormwind Embassy - Difficulty: 0) CreateObject1
(@FGUID+471, 278333, 0, 1519, 9171, 0, 0, 0, -8161.1572265625, 817.72943115234375, 75.7172698974609375, 5.393068790435791015, 0, 0, -0.43051052093505859, 0.902585566043853759, 120, 255, 1, 52649), -- Bench (Area: Stormwind Embassy - Difficulty: 0) CreateObject1
(@FGUID+472, 250568, 0, 1519, 9171, 0, 0, 0, -8201.017578125, 840.3194580078125, 70.91545867919921875, 5.917562007904052734, 0, 0, -0.18179512023925781, 0.983336448669433593, 120, 255, 1, 52649), -- Pot (Area: Stormwind Embassy - Difficulty: 0) CreateObject1
(@FGUID+473, 281205, 0, 1519, 9171, 0, 0, 0, -8195.908203125, 845.11456298828125, 70.04467010498046875, 0, 0, 0, 0, 1, 120, 255, 1, 52649), -- Simmering Stew (Area: Stormwind Embassy - Difficulty: 0) CreateObject1
(@FGUID+474, 298865, 0, 1519, 9171, 0, 0, 0, -8156.3125, 823.74481201171875, 76.10884857177734375, 3.92230224609375, 0, 0, -0.924774169921875, 0.380516409873962402, 120, 255, 1, 52649), -- Dark Iron Dwarf (Area: Stormwind Embassy - Difficulty: 0) CreateObject1
(@FGUID+475, 203751, 0, 1519, 9171, 0, 0, 0, -8125.4775390625, 762.0382080078125, 67.28433990478515625, 0, 0, 0, 0, 1, 120, 255, 0, 52649), -- Stormwind Pumpkin (Area: Stormwind Embassy - Difficulty: 0) CreateObject1
(@FGUID+476, 316736, 0, 1519, 9171, 0, 0, 0, -8146.38916015625, 814.06597900390625, 75.7172698974609375, 3.893828630447387695, 0, 0, -0.93009757995605468, 0.367312550544738769, 120, 255, 0, 52649), -- Kul Tiran (Area: Stormwind Embassy - Difficulty: 0) CreateObject1
(@FGUID+477, 203751, 0, 1519, 9171, 0, 0, 0, -8119.83837890625, 748.48614501953125, 67.14209747314453125, 2.847071409225463867, 0, 0, 0.989176750183105468, 0.146728917956352233, 120, 255, 0, 52649), -- Stormwind Pumpkin (Area: Stormwind Embassy - Difficulty: 0) CreateObject1
(@FGUID+478, 273853, 0, 1519, 9171, 0, 0, 0, -8148.3818359375, 815.60418701171875, 75.4190216064453125, 3.899293422698974609, 0, 0, -0.92909049987792968, 0.369852513074874877, 120, 255, 0, 52649), -- Void Elf (Area: Stormwind Embassy - Difficulty: 0) CreateObject1
(@FGUID+479, 273855, 0, 1519, 9171, 0, 0, 0, -8154.42724609375, 822.00518798828125, 75.52974700927734375, 3.899293422698974609, 0, 0, -0.92909049987792968, 0.369852513074874877, 120, 255, 1, 52649), -- Lightforged Draenei (Area: Stormwind Embassy - Difficulty: 0) CreateObject1
(@FGUID+480, 339222, 0, 1519, 9171, 0, 0, 0, -8151.00341796875, 825.953125, 75.7172698974609375, 3.837418556213378906, 0, 0, -0.94008636474609375, 0.34093642234802246, 120, 255, 1, 52649), -- Mechagnome (Area: Stormwind Embassy - Difficulty: 0) CreateObject1
(@FGUID+481, 203751, 0, 1519, 9171, 0, 0, 0, -8118.03466796875, 769.14410400390625, 67.28433990478515625, 4.433136463165283203, 0, 0, -0.79863548278808593, 0.60181504487991333, 120, 255, 0, 52649), -- Stormwind Pumpkin (Area: Stormwind Embassy - Difficulty: 0) CreateObject1
(@FGUID+482, 204281, 0, 1519, 9171, 0, 0, 0, -8117.1806640625, 714.30902099609375, 68.89109039306640625, 2.687806606292724609, 0, 0, 0.974370002746582031, 0.224951311945915222, 120, 255, 1, 52649), -- Worm Mound (Area: Stormwind Embassy - Difficulty: 0) CreateObject1
(@FGUID+483, 278328, 0, 1519, 9171, 0, 0, 0, -8150.18212890625, 823.91436767578125, 75.7172698974609375, 4.3633270263671875, 0, 0, -0.81915092468261718, 0.573578059673309326, 120, 255, 1, 52649), -- Chair (Area: Stormwind Embassy - Difficulty: 0) CreateObject1
(@FGUID+484, 278329, 0, 1519, 9171, 0, 0, 0, -8145.36669921875, 819.0809326171875, 75.7172698974609375, 3.447027206420898437, 0, 0, -0.98836135864257812, 0.152124300599098205, 120, 255, 1, 52649), -- Chair (Area: Stormwind Embassy - Difficulty: 0) CreateObject1
(@FGUID+485, 278331, 0, 1519, 9171, 0, 0, 0, -8148.20556640625, 821.5069580078125, 75.7172698974609375, 3.918267250061035156, 0, 0, -0.92553997039794921, 0.378649920225143432, 120, 255, 1, 52649), -- Chair (Area: Stormwind Embassy - Difficulty: 0) CreateObject1
(@FGUID+486, 203751, 0, 1519, 9171, 0, 0, 0, -8110.34228515625, 774.93231201171875, 67.28433990478515625, 0, 0, 0, 0, 1, 120, 255, 1, 52649), -- Stormwind Pumpkin (Area: Stormwind Embassy - Difficulty: 0) CreateObject1
(@FGUID+487, 203751, 0, 1519, 9171, 0, 0, 0, -8106.13720703125, 759.828125, 67.2843475341796875, 0.541050612926483154, 0, 0, 0.267237663269042968, 0.96363067626953125, 120, 255, 1, 52649), -- Stormwind Pumpkin (Area: Stormwind Embassy - Difficulty: 0) CreateObject1
(@FGUID+488, 204281, 0, 1519, 9171, 0, 0, 0, -8204.732421875, 867.2882080078125, 71.308441162109375, 5.340708732604980468, 0, 0, -0.45398998260498046, 0.891006767749786376, 120, 255, 1, 52649), -- Worm Mound (Area: Stormwind Embassy - Difficulty: 0) CreateObject1
(@FGUID+489, 232224, 0, 1519, 9171, 0, 0, 0, -8182.42578125, 861.87860107421875, 70.01805877685546875, 3.902530431747436523, 0, 0, -0.92849063873291015, 0.371355801820755004, 120, 255, 1, 52649), -- Woodbench (Area: Stormwind Embassy - Difficulty: 0) CreateObject1
(@FGUID+490, 232225, 0, 1519, 9171, 0, 0, 0, -8185.12548828125, 858.0399169921875, 70.01805877685546875, 0.807585895061492919, 0, 0, 0.392909049987792968, 0.919577360153198242, 120, 255, 1, 52649), -- Woodbench (Area: Stormwind Embassy - Difficulty: 0) CreateObject1
(@FGUID+491, 203751, 0, 1519, 9171, 0, 0, 0, -8087.99462890625, 799.36456298828125, 67.28433990478515625, 6.007122993469238281, 0, 0, -0.13759326934814453, 0.990488827228546142, 120, 255, 1, 52649), -- Stormwind Pumpkin (Area: Stormwind Embassy - Difficulty: 0) CreateObject1
(@FGUID+492, 232234, 0, 1519, 9171, 0, 0, 0, -8187.51416015625, 860.9403076171875, 70.01805877685546875, 0.807509124279022216, 0, 0, 0.392873764038085937, 0.91959238052368164, 120, 255, 1, 52649), -- Woodbench (Area: Stormwind Embassy - Difficulty: 0) CreateObject1
(@FGUID+493, 232235, 0, 1519, 9171, 0, 0, 0, -8185.623046875, 864.94805908203125, 70.01805877685546875, 3.851733207702636718, 0, 0, -0.9376220703125, 0.34765625, 120, 255, 1, 52649), -- Woodbench (Area: Stormwind Embassy - Difficulty: 0) CreateObject1
(@FGUID+494, 227906, 0, 1519, 9171, 0, 0, 0, -8139.892578125, 868.665771484375, 76.43599700927734375, 0.829028248786926269, 0, 0, 0.402745246887207031, 0.915312111377716064, 120, 255, 1, 52649), -- Anvil (Area: Stormwind Embassy - Difficulty: 0) CreateObject1
(@FGUID+495, 227907, 0, 1519, 9171, 0, 0, 0, -8141.93701171875, 862.1610107421875, 75.70650482177734375, 4.337140560150146484, 0, 0, -0.82659053802490234, 0.56280374526977539, 120, 255, 1, 52649), -- Keg Stand (Area: Stormwind Embassy - Difficulty: 0) CreateObject1
(@FGUID+496, 227908, 0, 1519, 9171, 0, 0, 0, -8138.76318359375, 864.8076171875, 76.54122161865234375, 3.586656570434570312, 0, 0, -0.975341796875, 0.220699742436408996, 120, 255, 1, 52649), -- Log Bundle (Area: Stormwind Embassy - Difficulty: 0) CreateObject1
(@FGUID+497, 227909, 0, 1519, 9171, 0, 0, 0, -8134.2763671875, 862.94952392578125, 76.27972412109375, 2.068211555480957031, 0, 0, 0.859405517578125, 0.51129460334777832, 120, 255, 1, 52649), -- Forge (Area: Stormwind Embassy - Difficulty: 0) CreateObject1
(@FGUID+498, 281164, 0, 1519, 9171, 0, 0, 0, -8139.33349609375, 862.79168701171875, 76.97298431396484375, 3.599893093109130859, 0, 0, -0.97385978698730468, 0.227149993181228637, 120, 255, 1, 52649), -- Lightforged Banner (Area: Stormwind Embassy - Difficulty: 0) CreateObject1
(@FGUID+499, 203751, 0, 1519, 9171, 0, 0, 0, -8086.05908203125, 785.97918701171875, 67.2883148193359375, 6.213373661041259765, 0, 0, -0.03489875793457031, 0.999390840530395507, 120, 255, 1, 52649), -- Stormwind Pumpkin (Area: Stormwind Embassy - Difficulty: 0) CreateObject1
(@FGUID+500, 273282, 0, 1519, 9171, 0, 0, 0, -8145.7568359375, 876.70489501953125, 75.7976531982421875, 2.013174057006835937, 0, 0, 0.845011711120605468, 0.534747779369354248, 120, 255, 1, 52649), -- Lightforged Golem (Area: Stormwind Embassy - Difficulty: 0) CreateObject1
(@FGUID+501, 203751, 0, 1519, 9171, 0, 0, 0, -8098.126953125, 734.685791015625, 67.5565338134765625, 6.213373661041259765, 0, 0, -0.03489875793457031, 0.999390840530395507, 120, 255, 1, 52649), -- Stormwind Pumpkin (Area: Stormwind Embassy - Difficulty: 0) CreateObject1
(@FGUID+502, 203751, 0, 1519, 9171, 0, 0, 0, -8087.65087890625, 754.91143798828125, 67.4302215576171875, 0, 0, 0, 0, 1, 120, 255, 0, 52649), -- Stormwind Pumpkin (Area: Stormwind Embassy - Difficulty: 0) CreateObject1
(@FGUID+503, 203751, 0, 1519, 9171, 0, 0, 0, -8084.63916015625, 767.30035400390625, 67.290924072265625, 0, 0, 0, 0, 1, 120, 255, 1, 52649), -- Stormwind Pumpkin (Area: Stormwind Embassy - Difficulty: 0) CreateObject1
(@FGUID+504, 203751, 0, 1519, 9171, 0, 0, 0, -8079.70849609375, 803.30035400390625, 67.28433990478515625, 5.927692413330078125, 0, 0, -0.17681217193603515, 0.98424464464187622, 120, 255, 1, 52649), -- Stormwind Pumpkin (Area: Stormwind Embassy - Difficulty: 0) CreateObject1
(@FGUID+505, 273282, 0, 1519, 9171, 0, 0, 0, -8139.29541015625, 880.19097900390625, 75.93852996826171875, 2.010847091674804687, 0, 0, 0.844388961791992187, 0.535730600357055664, 120, 255, 1, 52649), -- Lightforged Golem (Area: Stormwind Embassy - Difficulty: 0) CreateObject1
(@FGUID+506, 203751, 0, 1519, 9171, 0, 0, 0, -8068.28662109375, 795.25, 67.7266387939453125, 0, 0, 0, 0, 1, 120, 255, 1, 52649), -- Stormwind Pumpkin (Area: Stormwind Embassy - Difficulty: 0) CreateObject1
-- (@FGUID+507, 294556, 0, 1519, 9171, 0, 0, 0, 0, 0, 0, 2.022683382034301757, 0, 0, 0.847544670104980468, 0.530724048614501953, 120, 255, 1, 52649), -- The Relentless (Area: Stormwind Embassy - Difficulty: 0) CreateObject1 - !!! transport !!!
(@FGUID+508, 281864, 0, 1519, 9171, 0, 0, 0, -8233.169921875, 913.4444580078125, 101.3799972534179687, 3.054321050643920898, 0.047994136810302734, -0.00217723846435546, 0.997894287109375, 0.043575510382652282, 120, 255, 1, 52649), -- Tiffin Ellerian Wrynn Memorial (Area: Stormwind Embassy - Difficulty: 0) CreateObject1
(@FGUID+509, 203751, 0, 1519, 9171, 0, 0, 0, -8055.7255859375, 775.56427001953125, 67.88899993896484375, 5.934145450592041015, 0, 0, -0.17363548278808593, 0.9848099946975708, 120, 255, 1, 52649), -- Stormwind Pumpkin (Area: Stormwind Embassy - Difficulty: 0) CreateObject1
(@FGUID+510, 203751, 0, 1519, 9171, 0, 0, 0, -8047.689453125, 782.87152099609375, 67.41562652587890625, 2.914689540863037109, 0, 0, 0.993571281433105468, 0.113208353519439697, 120, 255, 1, 52649), -- Stormwind Pumpkin (Area: Stormwind Embassy - Difficulty: 0) CreateObject1
-- (@FGUID+511, 190536, 0, 1519, 9171, 0, 0, 0, 0, 0, 0, 1.573459863662719726, 0, 0, 0.708047866821289062, 0.706164419651031494, 120, 255, 1, 52649), -- Ship, Icebreaker (Stormwind's Pride) (Area: Stormwind Embassy - Difficulty: 0) CreateObject1 - !!! transport !!!
(@FGUID+512, 203751, 0, 1519, 9171, 0, 0, 0, -8056.70849609375, 757.96527099609375, 67.04523468017578125, 0, 0, 0, 0, 1, 120, 255, 1, 52649), -- Stormwind Pumpkin (Area: Stormwind Embassy - Difficulty: 0) CreateObject1
(@FGUID+513, 203751, 0, 1519, 9171, 0, 0, 0, -8051.95654296875, 760.185791015625, 67.1929779052734375, 0, 0, 0, 0, 1, 120, 255, 1, 52649), -- Stormwind Pumpkin (Area: Stormwind Embassy - Difficulty: 0) CreateObject1
(@FGUID+514, 203751, 0, 1519, 9171, 0, 0, 0, -8074.0712890625, 742.8038330078125, 67.0748291015625, 2.356194972991943359, 0, 0, 0.923879623413085937, 0.382683247327804565, 120, 255, 1, 52649); -- Stormwind Pumpkin (Area: Stormwind Embassy - Difficulty: 0) CreateObject1
-- (@FGUID+515, 375073, 0, 1519, 9171, 0, '12596 - 1139 - 11595 - 10061 - 20045 - 8389 - 8658 - 10402 - 10335 - 10336 - 1231 - 10347 - 10217 - 14850 - 4064 - 21820 - 6481 - 4070 - 12918 - 19824 - 10378 - 14739', 0, 0, 0, 0, 2.536912202835083007, 0, 0, 0.954642295837402343, 0.29775509238243103, 120, 255, 1, 52649); -- The Rugged Dragonscale (Area: Stormwind Embassy - Difficulty: 0) CreateObject1 - !!! transport !!!

DELETE FROM `gameobject_addon` WHERE `guid` BETWEEN @RGUID+0 AND @RGUID+515;
INSERT INTO `gameobject_addon` (`guid`, `parent_rotation0`, `parent_rotation1`, `parent_rotation2`, `parent_rotation3`, `WorldEffectID`, `AIAnimKitID`) VALUES
(@RGUID+1, 0, 0, 0.944088995456695556, -0.32969072461128234, 0, 0), -- Wooden Bench
(@RGUID+2, 0, 0, 0.944088995456695556, -0.32969072461128234, 0, 0), -- Wooden Bench
(@RGUID+3, 0, 0, 0.944088995456695556, -0.32969072461128234, 0, 0), -- Wooden Bench
(@RGUID+4, 0, 0, 0.944088995456695556, -0.32969072461128234, 0, 0), -- Wooden Bench
(@RGUID+5, 0, 0, 0.944088995456695556, -0.32969072461128234, 0, 0), -- Wooden Bench
(@RGUID+6, 0, 0, 0.944088995456695556, -0.32969072461128234, 0, 0), -- Wooden Bench
(@RGUID+7, 0, 0, 0.944088995456695556, -0.32969072461128234, 0, 0), -- Wooden Bench
(@RGUID+8, 0, 0, 0.944088995456695556, -0.32969072461128234, 0, 0), -- Wooden Bench
(@RGUID+9, 0, 0, 0.944088995456695556, -0.32969072461128234, 0, 0), -- Wooden Bench
(@RGUID+10, 0, 0, 0.944088995456695556, -0.32969072461128234, 0, 0), -- Wooden Bench
(@RGUID+11, 0, 0, 0.944088995456695556, -0.32969072461128234, 0, 0), -- Wooden Bench
(@RGUID+12, 0, 0, 0.944088995456695556, -0.32969072461128234, 0, 0), -- Highback Chair
(@RGUID+13, 0, 0, 0.944088995456695556, -0.32969072461128234, 0, 0), -- Highback Chair
(@RGUID+14, 0, 0, 0.944088995456695556, -0.32969072461128234, 0, 0), -- Highback Chair
(@RGUID+15, 0, 0, 0.944088995456695556, -0.32969072461128234, 0, 0), -- Highback Chair
(@RGUID+16, 0, 0, 0.944088995456695556, -0.32969072461128234, 0, 0), -- Wooden Bench
(@RGUID+17, 0, 0, 0.944088995456695556, -0.32969072461128234, 0, 0), -- Wooden Bench
(@RGUID+18, 0, 0, 0.944088995456695556, -0.32969072461128234, 0, 0), -- Wooden Bench
(@RGUID+19, 0, 0, 0.944088995456695556, -0.32969072461128234, 0, 0), -- Wooden Bench
(@RGUID+20, 0, 0, 0.944088995456695556, -0.32969072461128234, 0, 0), -- Wooden Bench
(@RGUID+21, 0, 0, 0.944088995456695556, -0.32969072461128234, 0, 0), -- Wooden Bench
(@RGUID+22, 0, 0, 0.944088995456695556, -0.32969072461128234, 0, 0), -- Wooden Bench
(@RGUID+23, 0, 0, 0.944088995456695556, -0.32969072461128234, 0, 0), -- Wooden Bench
(@RGUID+98, 0, 0, 0.944088995456695556, -0.32969072461128234, 0, 0), -- Dwarven District
(@RGUID+99, 0, 0, 0.944088995456695556, -0.32969072461128234, 0, 0), -- Wooden Chair
(@RGUID+103, 0, 0, 0.944088995456695556, -0.32969072461128234, 0, 0), -- Wooden Chair
(@RGUID+105, 0, 0, 0.944088995456695556, -0.32969072461128234, 0, 0), -- Wooden Chair
(@RGUID+106, 0, 0, 0.944088995456695556, -0.32969072461128234, 0, 0), -- Wooden Chair
(@RGUID+107, 0, 0, 0.944088995456695556, -0.32969072461128234, 0, 0), -- Wooden Chair
(@RGUID+110, 0, 0, 0.944088995456695556, -0.32969072461128234, 0, 0), -- Wooden Chair
(@RGUID+111, 0, 0, 0.944088995456695556, -0.32969072461128234, 0, 0), -- Wooden Chair
(@RGUID+118, 0, 0, 0.944088995456695556, -0.32969072461128234, 0, 0), -- Wooden Chair
(@RGUID+120, 0, 0, 0.944088995456695556, -0.32969072461128234, 0, 0), -- Wooden Chair
(@RGUID+121, 0, 0, 0.944088995456695556, -0.32969072461128234, 0, 0), -- Wooden Chair
(@RGUID+129, 0, 0, 0.944088995456695556, -0.32969072461128234, 0, 0), -- Wooden Chair
(@RGUID+130, 0, 0, 0.944088995456695556, -0.32969072461128234, 0, 0), -- Wooden Chair
(@RGUID+141, 0, 0, 0.944088995456695556, -0.32969072461128234, 0, 0), -- Old Town
(@RGUID+143, 0, 0, 0.944088995456695556, -0.32969072461128234, 0, 0), -- Wooden Chair
(@RGUID+145, 0, 0, 0.944088995456695556, -0.32969072461128234, 0, 0), -- Wooden Chair
(@RGUID+146, 0, 0, 0.944088995456695556, -0.32969072461128234, 0, 0), -- Wooden Chair
(@RGUID+150, 0, 0, 0.944088995456695556, -0.32969072461128234, 0, 0), -- Wooden Chair
(@RGUID+151, 0, 0, 0.944088995456695556, -0.32969072461128234, 0, 0), -- Wooden Chair
(@RGUID+152, 0, 0, 0.944088995456695556, -0.32969072461128234, 0, 0), -- Wooden Chair
(@RGUID+160, 0, 0, 0.944088995456695556, -0.32969072461128234, 0, 0), -- Wooden Chair
(@RGUID+161, 0, 0, 0.944088995456695556, -0.32969072461128234, 0, 0), -- Wooden Chair
(@RGUID+162, 0, 0, 0.944088995456695556, -0.32969072461128234, 0, 0), -- Wooden Chair
(@RGUID+163, 0, 0, 0.944088995456695556, -0.32969072461128234, 0, 0), -- Wooden Chair
(@RGUID+164, 0, 0, 0.944088995456695556, -0.32969072461128234, 0, 0), -- Wooden Chair
(@RGUID+165, 0, 0, 0.944088995456695556, -0.32969072461128234, 0, 0), -- Wooden Chair
(@RGUID+171, 0, 0, 0.944088995456695556, -0.32969072461128234, 0, 0), -- Old Town
(@RGUID+242, 0, 0, 0.944088995456695556, -0.32969072461128234, 0, 0), -- Wooden Chair
(@RGUID+244, 0, 0, 0.944088995456695556, -0.32969072461128234, 0, 0), -- Wooden Chair
(@RGUID+245, 0, 0, 0.944088995456695556, -0.32969072461128234, 0, 0), -- Wooden Chair
(@RGUID+246, 0, 0, 0.944088995456695556, -0.32969072461128234, 0, 0), -- Wooden Chair
(@RGUID+276, 0, 0, 0.944088995456695556, -0.32969072461128234, 0, 0), -- Wooden Chair
(@RGUID+278, 0, 0, 0.944088995456695556, -0.32969072461128234, 0, 0), -- Wooden Chair
(@RGUID+279, 0, 0, 0.944088995456695556, -0.32969072461128234, 0, 0), -- Wooden Chair
(@RGUID+281, 0, 0, 0.944088995456695556, -0.32969072461128234, 0, 0), -- Wooden Chair
(@RGUID+285, 0, 0, 0.944088995456695556, -0.32969072461128234, 0, 0), -- Wooden Chair
(@RGUID+286, 0, 0, 0.944088995456695556, -0.32969072461128234, 0, 0), -- Forge
(@RGUID+298, 0, 0, 0.944088995456695556, -0.32969072461128234, 0, 0), -- Anvil
(@RGUID+299, 0, 0, 0.944088995456695556, -0.32969072461128234, 0, 0), -- Wooden Chair
(@RGUID+300, 0, 0, 0.944088995456695556, -0.32969072461128234, 0, 0), -- Forge
(@RGUID+301, 0, 0, 0.944088995456695556, -0.32969072461128234, 0, 0), -- Wooden Chair
(@RGUID+302, 0, 0, 0.944088995456695556, -0.32969072461128234, 0, 0), -- Forge
(@RGUID+303, 0, 0, 0.944088995456695556, -0.32969072461128234, 0, 0), -- Wooden Chair
(@RGUID+304, 0, 0, 0.944088995456695556, -0.32969072461128234, 0, 0), -- Forge
(@RGUID+305, 0, 0, 0.944088995456695556, -0.32969072461128234, 0, 0), -- Wooden Chair
(@RGUID+306, 0, 0, 0.944088995456695556, -0.32969072461128234, 0, 0), -- Forge
(@RGUID+307, 0, 0, 0.944088995456695556, -0.32969072461128234, 0, 0), -- Cathedral Square
(@RGUID+331, 0, 0, 0.944088995456695556, -0.32969072461128234, 0, 0), -- Anvil
(@RGUID+332, 0, 0, 0.944088995456695556, -0.32969072461128234, 0, 0), -- Wooden Chair
(@RGUID+333, 0, 0, 0.944088995456695556, -0.32969072461128234, 0, 0), -- Wooden Chair
(@RGUID+335, 0, 0, 0.944088995456695556, -0.32969072461128234, 0, 0), -- Wooden Chair
(@RGUID+336, 0, 0, 0.944088995456695556, -0.32969072461128234, 0, 0), -- Wooden Chair
(@RGUID+337, 0, 0, 0.944088995456695556, -0.32969072461128234, 0, 0), -- Wooden Chair
(@RGUID+338, 0, 0, 0.944088995456695556, -0.32969072461128234, 0, 0), -- Wooden Chair
(@RGUID+339, 0, 0, 0.944088995456695556, -0.32969072461128234, 0, 0), -- Wooden Chair
(@RGUID+353, 0, 0, 0.944088995456695556, -0.32969072461128234, 0, 0), -- Wooden Chair
(@RGUID+361, 0, 0, 0.944088995456695556, -0.32969072461128234, 0, 0), -- Auction House
(@RGUID+362, 0, 0, 0.944088995456695556, -0.32969072461128234, 0, 0), -- Wooden Chair
(@RGUID+363, 0, 0, 0.944088995456695556, -0.32969072461128234, 0, 0), -- Wooden Chair
(@RGUID+364, 0, 0, 0.944088995456695556, -0.32969072461128234, 0, 0), -- Wooden Chair
(@RGUID+372, 0, 0, 0.944088995456695556, -0.32969072461128234, 0, 0), -- Highback Chair
(@RGUID+382, 0, 0, 0.944088995456695556, -0.32969072461128234, 0, 0), -- Wooden Chair
(@RGUID+387, 0, 0, 0.944088995456695556, -0.32969072461128234, 0, 0), -- Highback Chair
(@RGUID+394, 0, 0, 0.944088995456695556, -0.32969072461128234, 0, 0), -- Wooden Chair
(@RGUID+395, 0, 0, 0.944088995456695556, -0.32969072461128234, 0, 0), -- Wooden Chair
(@RGUID+396, 0, 0, 0.944088995456695556, -0.32969072461128234, 0, 0), -- Stone Bench
(@RGUID+397, 0, 0, 0.944088995456695556, -0.32969072461128234, 0, 0), -- Wooden Chair
(@RGUID+406, 0, 0, 0.944088995456695556, -0.32969072461128234, 0, 0), -- Stone Bench
(@RGUID+407, 0, 0, 0.944088995456695556, -0.32969072461128234, 0, 0), -- Stone Bench
(@RGUID+413, 0, 0, 0.944088995456695556, -0.32969072461128234, 0, 0), -- Wooden Chair
(@RGUID+418, 0, 0, 0.944088995456695556, -0.32969072461128234, 0, 0), -- Stone Bench
(@RGUID+420, 0, 0, 0.944088995456695556, -0.32969072461128234, 0, 0), -- Stone Bench
(@RGUID+426, 0, 0, 0.944088995456695556, -0.32969072461128234, 0, 0), -- Stone Bench
(@RGUID+430, 0, 0, 0, 1, 8830, 0), -- Hero's Call Board
(@RGUID+444, 0, 0, 0.944088995456695556, -0.32969072461128234, 0, 0), -- Guild Vault
(@RGUID+445, 0, 0, 0.944088995456695556, -0.32969072461128234, 0, 0), -- Guild Vault
(@RGUID+463, 0, 0, 0.925540387630462646, -0.37864893674850463, 0, 0), -- Chair
(@RGUID+464, 0, 0, 0.925540387630462646, -0.37864893674850463, 0, 0), -- Chair
(@RGUID+465, 0, 0, 0.925540387630462646, -0.37864893674850463, 0, 0), -- Chair
(@RGUID+468, 0, 0, 0.925540387630462646, -0.37864893674850463, 0, 0), -- Bench
(@RGUID+469, 0, 0, 0.925540387630462646, -0.37864893674850463, 0, 0), -- Bench
(@RGUID+470, 0, 0, 0.925540387630462646, -0.37864893674850463, 0, 0), -- Bench
(@RGUID+471, 0, 0, 0.925540387630462646, -0.37864893674850463, 0, 0), -- Bench
(@RGUID+483, 0, 0, 0.925540387630462646, -0.37864893674850463, 0, 0), -- Chair
(@RGUID+484, 0, 0, 0.925540387630462646, -0.37864893674850463, 0, 0), -- Chair
(@RGUID+485, 0, 0, 0.925540387630462646, -0.37864893674850463, 0, 0), -- Chair
(@RGUID+489, 0, 0, -0.38671103119850158, 0.922200918197631835, 0, 0), -- Woodbench
(@RGUID+490, 0, 0, -0.38671103119850158, 0.922200918197631835, 0, 0), -- Woodbench
(@RGUID+492, 0, 0, -0.38671103119850158, 0.922200918197631835, 0, 0), -- Woodbench
(@RGUID+493, 0, 0, -0.38671103119850158, 0.922200918197631835, 0, 0), -- Woodbench
(@RGUID+494, 0, 0, 0.96814805269241333, -0.2503785490989685, 0, 0), -- Anvil
(@RGUID+495, 0, 0, 0.96814805269241333, -0.2503785490989685, 0, 0), -- Keg Stand
(@RGUID+496, 0, 0, 0.96814805269241333, -0.2503785490989685, 0, 0), -- Log Bundle
(@RGUID+497, 0, 0, 0.96814805269241333, -0.2503785490989685, 0, 0); -- Forge


DELETE FROM `gossip_menu` WHERE (`MenuID`=31376 AND `TextID`=@NPCTEXTID+0) OR (`MenuID`=14204 AND `TextID`=@NPCTEXTID+1) OR (`MenuID`=31382 AND `TextID`=@NPCTEXTID+2) OR (`MenuID`=31365 AND `TextID`=@NPCTEXTID+3) OR (`MenuID`=31336 AND `TextID`=@NPCTEXTID+4);
INSERT INTO `gossip_menu` (`MenuID`, `TextID`, `VerifiedBuild`) VALUES
(31376, @NPCTEXTID+0, 52649), -- 167032 (Chromie)
(14204, @NPCTEXTID+1, 52649), -- 44395 (Celestine of the Harvest)
(31382, @NPCTEXTID+2, 52649), -- 167032 (Chromie)
(31365, @NPCTEXTID+3, 52649), -- 167032 (Chromie)
(31336, @NPCTEXTID+4, 52649); -- 167032 (Chromie)


UPDATE `gossip_menu` SET `VerifiedBuild`=52649 WHERE (`MenuID`=435 AND `TextID`=933) OR (`MenuID`=9821 AND `TextID`=13584) OR (`MenuID`=22173 AND `TextID`=33975) OR (`MenuID`=22172 AND `TextID`=33974) OR (`MenuID`=22176 AND `TextID`=33978) OR (`MenuID`=22177 AND `TextID`=33979) OR (`MenuID`=22180 AND `TextID`=33981) OR (`MenuID`=341 AND `TextID`=820) OR (`MenuID`=22124 AND `TextID`=18046) OR (`MenuID`=22171 AND `TextID`=33973) OR (`MenuID`=22169 AND `TextID`=33971) OR (`MenuID`=22198 AND `TextID`=34007) OR (`MenuID`=25426 AND `TextID`=40347) OR (`MenuID`=12519 AND `TextID`=17607) OR (`MenuID`=693 AND `TextID`=1243);
DELETE FROM `gossip_menu_option` WHERE (`MenuID`=31365 AND `OptionID` IN (0,3,1,5,4,7,6,2)) OR (`MenuID`=31376 AND `OptionID` IN (2,0,1)) OR (`MenuID`=25426 AND `OptionID` IN (2,1,0,5)) OR (`MenuID`=31382 AND `OptionID` IN (1,2,0)) OR (`MenuID`=435 AND `OptionID` IN (1,17)) OR (`MenuID`=31336 AND `OptionID` IN (4,0,1,2,3));
INSERT INTO `gossip_menu_option` (`GossipOptionID`, `MenuID`, `OptionID`, `OptionNpc`, `OptionText`, `OptionBroadcastTextId`, `Language`, `ActionMenuID`, `ActionPoiID`, `BoxCoded`, `BoxMoney`, `BoxText`, `BoxBroadcastTextID`, `SpellID`, `Flags`, `OverrideIconID`, `GossipNpcOptionID`, `VerifiedBuild`) VALUES
(109323, 31365, 0, 0, 'I want to explore Azeroth.', 0, 0, 31376, 0, 0, 0, NULL, 0, NULL, 0, NULL, NULL, 52649),
(109332, 31376, 2, 0, 'I have another question.', 12241, 0, 0, 0, 0, 0, NULL, 0, NULL, 0, NULL, NULL, 52649), -- OptionBroadcastTextID: 12241 - 12478 - 23442 - 62310 - 98552
(109333, 31376, 0, 0, 'Put me in the Cataclysm timeline.', 0, 0, 0, 0, 0, 0, NULL, 0, NULL, 0, NULL, NULL, 52649),
(51903, 25426, 2, 0, 'I\d like to return to the present timeline, Chromie.', 0, 0, 0, 0, 0, 0, NULL, 0, NULL, 0, NULL, NULL, 52649),
(109349, 31382, 1, 0, 'Tell me more. <Watch cutscene.>', 0, 0, 0, 0, 0, 0, NULL, 0, NULL, 0, NULL, NULL, 52649),
(109348, 31382, 2, 0, 'I have another question.', 12241, 0, 0, 0, 0, 0, NULL, 0, NULL, 0, NULL, NULL, 52649), -- OptionBroadcastTextID: 12241 - 12478 - 23442 - 62310 - 98552
(51902, 25426, 1, 40, 'Select a different timeline.', 0, 0, 0, 0, 0, 0, NULL, 0, NULL, 0, NULL, NULL, 52649),
(33173, 435, 1, 0, 'Battle Pet Trainer', 67342, 0, 0, 0, 0, 0, NULL, 0, NULL, 0, NULL, NULL, 52649),
(109276, 31336, 4, 0, 'I\m ready to select a timeline.', 0, 0, 0, 0, 0, 0, NULL, 0, NULL, 0, NULL, NULL, 52649),
(109320, 31365, 3, 0, 'I want a contemplative adventure.', 0, 0, 0, 0, 0, 0, NULL, 0, NULL, 0, NULL, NULL, 52649),
(109322, 31365, 1, 0, 'I want to explore another planet.', 0, 0, 0, 0, 0, 0, NULL, 0, NULL, 0, NULL, NULL, 52649),
(51901, 25426, 0, 40, '|cFF0000FF(Recommended)|r Select a timeline.', 0, 0, 0, 0, 0, 0, NULL, 0, NULL, 0, NULL, 32282, 52649),
(109318, 31365, 5, 0, 'I want to be the coolest $c on Azeroth!', 0, 0, 0, 0, 0, 0, NULL, 0, NULL, 0, NULL, NULL, 52649),
(109311, 31336, 0, 0, 'What timeline should I choose?', 0, 0, 31365, 0, 0, 0, NULL, 0, NULL, 0, NULL, NULL, 52649),
(109315, 31336, 1, 0, 'What are Timewalking Campaigns?', 0, 0, 0, 0, 0, 0, NULL, 0, NULL, 0, NULL, NULL, 52649),
(109319, 31365, 4, 0, 'I want to command my own garrison.', 0, 0, 0, 0, 0, 0, NULL, 0, NULL, 0, NULL, NULL, 52649),
(109316, 31365, 7, 0, 'I have another question.', 12241, 0, 0, 0, 0, 0, NULL, 0, NULL, 0, NULL, NULL, 52649), -- OptionBroadcastTextID: 12241 - 12478 - 23442 - 62310 - 98552
(109317, 31365, 6, 0, 'I want to explore the afterlives.', 0, 0, 0, 0, 0, 0, NULL, 0, NULL, 0, NULL, NULL, 52649),
(109350, 31382, 0, 0, 'Put me in Northrend\s timeline.', 0, 0, 0, 0, 0, 0, NULL, 0, NULL, 0, NULL, NULL, 52649),
(33188, 435, 17, 0, 'Vendor', 44612, 0, 0, 0, 0, 0, NULL, 0, NULL, 0, NULL, NULL, 52649),
(109334, 31376, 1, 0, 'Tell me more. <Watch cutscene.>', 0, 0, 0, 0, 0, 0, NULL, 0, NULL, 0, NULL, NULL, 52649),
(109321, 31365, 2, 0, 'I want to fight an army of evil undead.', 0, 0, 31382, 0, 0, 0, NULL, 0, NULL, 0, NULL, NULL, 52649),
(109313, 31336, 2, 0, 'Can my friends join me?', 0, 0, 0, 0, 0, 0, NULL, 0, NULL, 0, NULL, NULL, 52649),
(109278, 25426, 5, 0, 'I have a question about Timewalking Campaigns.', 0, 0, 31336, 0, 0, 0, NULL, 0, NULL, 0, NULL, NULL, 52649),
(109314, 31336, 3, 0, 'What if I don\t want to stay in the timeline I chose?', 0, 0, 0, 0, 0, 0, NULL, 0, NULL, 0, NULL, NULL, 52649);

UPDATE `gossip_menu_option` SET `GossipOptionID`=33184, `ActionMenuID`=0, `VerifiedBuild`=52649 WHERE (`MenuID`=435 AND `OptionID`=12); -- OptionBroadcastTextID: 32180 - 159628
UPDATE `gossip_menu_option` SET `GossipOptionID`=48364, `VerifiedBuild`=52649 WHERE (`MenuID`=22171 AND `OptionID`=0);
UPDATE `gossip_menu_option` SET `GossipOptionID`=33181, `OptionBroadcastTextId`=2870, `ActionMenuID`=0, `ActionPoiID`=0, `VerifiedBuild`=52649 WHERE (`MenuID`=435 AND `OptionID`=9); -- OptionBroadcastTextID: 2870 - 3428 - 4890 - 5086 - 5332 - 5910 - 6909 - 6993 - 15222 - 32189 - 45380
UPDATE `gossip_menu_option` SET `GossipOptionID`=33175, `ActionMenuID`=0, `ActionPoiID`=0, `VerifiedBuild`=52649 WHERE (`MenuID`=435 AND `OptionID`=3);
UPDATE `gossip_menu_option` SET `GossipOptionID`=33176, `OptionBroadcastTextId`=5316, `ActionMenuID`=0, `VerifiedBuild`=52649 WHERE (`MenuID`=435 AND `OptionID`=4); -- OptionBroadcastTextID: 5316 - 5423 - 5515 - 5913 - 6369 - 15208 - 32174 - 44627
UPDATE `gossip_menu_option` SET `GossipOptionID`=28157, `VerifiedBuild`=52649 WHERE (`MenuID`=341 AND `OptionID`=0); -- OptionBroadcastTextID: 2822 - 162070
UPDATE `gossip_menu_option` SET `GossipOptionID`=48421, `VerifiedBuild`=52649 WHERE (`MenuID`=22177 AND `OptionID`=0);
UPDATE `gossip_menu_option` SET `GossipOptionID`=36818, `OptionNpc`=0, `OptionText`='I\d like to heal and revive my battle pets.', `OptionBroadcastTextId`=64115, `BoxMoney`=1000, `BoxText`='A small fee for supplies is required.', `BoxBroadcastTextID`=66369, `VerifiedBuild`=52649 WHERE (`MenuID`=9821 AND `OptionID`=1);
UPDATE `gossip_menu_option` SET `GossipOptionID`=48363, `VerifiedBuild`=52649 WHERE (`MenuID`=22169 AND `OptionID`=0); -- OptionBroadcastTextID: 7549 - 7565
UPDATE `gossip_menu_option` SET `GossipOptionID`=48365, `VerifiedBuild`=52649 WHERE (`MenuID`=22172 AND `OptionID`=0); -- OptionBroadcastTextID: 2823 - 7509 - 8097
UPDATE `gossip_menu_option` SET `GossipOptionID`=33185, `OptionBroadcastTextId`=5914, `ActionMenuID`=0, `VerifiedBuild`=52649 WHERE (`MenuID`=435 AND `OptionID`=13); -- OptionBroadcastTextID: 5914 - 47507 - 129194 - 129224 - 129235 - 129362 - 129389
UPDATE `gossip_menu_option` SET `GossipOptionID`=55448, `OptionText`='Trading Post', `OptionBroadcastTextId`=0, `ActionMenuID`=0, `ActionPoiID`=0, `VerifiedBuild`=52649 WHERE (`MenuID`=435 AND `OptionID`=0);
UPDATE `gossip_menu_option` SET `GossipOptionID`=48046, `VerifiedBuild`=52649 WHERE (`MenuID`=22180 AND `OptionID`=0);
UPDATE `gossip_menu_option` SET `GossipOptionID`=33186, `OptionBroadcastTextId`=2869, `ActionMenuID`=0, `VerifiedBuild`=52649 WHERE (`MenuID`=435 AND `OptionID`=14); -- OptionBroadcastTextID: 2869 - 3430 - 4896 - 5112 - 5352 - 5916 - 6635 - 6912 - 7022 - 7095 - 15250 - 19210 - 45382
UPDATE `gossip_menu_option` SET `GossipOptionID`=33182, `OptionBroadcastTextId`=5513, `ActionMenuID`=0, `VerifiedBuild`=52649 WHERE (`MenuID`=435 AND `OptionID`=10); -- OptionBroadcastTextID: 5513 - 5911 - 6396 - 6633 - 6910 - 15224 - 19202 - 32166 - 44629 - 200258
UPDATE `gossip_menu_option` SET `GossipOptionID`=48420, `VerifiedBuild`=52649 WHERE (`MenuID`=22176 AND `OptionID`=0);
UPDATE `gossip_menu_option` SET `GossipOptionID`=48359, `VerifiedBuild`=52649 WHERE (`MenuID`=22124 AND `OptionID`=0);
UPDATE `gossip_menu_option` SET `GossipOptionID`=33183, `ActionMenuID`=0, `VerifiedBuild`=52649 WHERE (`MenuID`=435 AND `OptionID`=11); -- OptionBroadcastTextID: 4895 - 5093 - 5336 - 5514 - 5912 - 6397 - 15226 - 19204 - 45381 - 200260
UPDATE `gossip_menu_option` SET `GossipOptionID`=33177, `OptionBroadcastTextId`=3426, `ActionMenuID`=0, `VerifiedBuild`=52649 WHERE (`MenuID`=435 AND `OptionID`=5); -- OptionBroadcastTextID: 3426 - 5908 - 6631 - 6907 - 6987 - 15214 - 19201 - 32167 - 44628 - 78584 - 200249
UPDATE `gossip_menu_option` SET `GossipOptionID`=48360, `VerifiedBuild`=52649 WHERE (`MenuID`=22124 AND `OptionID`=1); -- OptionBroadcastTextID: 2823 - 7509 - 8097
UPDATE `gossip_menu_option` SET `GossipOptionID`=33174, `ActionMenuID`=0, `ActionPoiID`=0, `VerifiedBuild`=52649 WHERE (`MenuID`=435 AND `OptionID`=2); -- OptionBroadcastTextID: 56155 - 200247
UPDATE `gossip_menu_option` SET `GossipOptionID`=33178, `OptionBroadcastTextId`=31340, `ActionMenuID`=0, `ActionPoiID`=0, `VerifiedBuild`=52649 WHERE (`MenuID`=435 AND `OptionID`=6); -- OptionBroadcastTextID: 31340 - 45376
UPDATE `gossip_menu_option` SET `GossipOptionID`=28026, `VerifiedBuild`=52649 WHERE (`MenuID`=693 AND `OptionID`=0);
UPDATE `gossip_menu_option` SET `GossipOptionID`=48419, `VerifiedBuild`=52649 WHERE (`MenuID`=22173 AND `OptionID`=0);
UPDATE `gossip_menu_option` SET `GossipOptionID`=33179, `OptionBroadcastTextId`=2868, `ActionMenuID`=0, `VerifiedBuild`=52649 WHERE (`MenuID`=435 AND `OptionID`=7); -- OptionBroadcastTextID: 2868 - 3429 - 4891 - 5088 - 5360 - 5915 - 6634 - 6911 - 6999 - 7078 - 15234 - 32202 - 45378
UPDATE `gossip_menu_option` SET `GossipOptionID`=33180, `OptionBroadcastTextId`=2863, `ActionMenuID`=0, `ActionPoiID`=0, `VerifiedBuild`=52649 WHERE (`MenuID`=435 AND `OptionID`=8); -- OptionBroadcastTextID: 2863 - 4889 - 6632 - 19203 - 45379 - 200256
UPDATE `gossip_menu_option` SET `GossipOptionID`=33187, `OptionBroadcastTextId`=8508, `ActionMenuID`=0, `VerifiedBuild`=52649 WHERE (`MenuID`=435 AND `OptionID`=15); -- OptionBroadcastTextID: 8508 - 8511 - 8518 - 8524 - 8525 - 8529 - 8534 - 8536 - 8539 - 8542 - 15228 - 19208 - 45383 - 200263


UPDATE `creature_template` SET `faction`=2602, `BaseAttackTime`=2000, `unit_flags`=768, `unit_flags2`=2048 WHERE `entry`=209299; -- Haoqi the Curious
UPDATE `creature_template` SET `unit_flags3`=8388608 WHERE `entry`=133363; -- Aevedos
UPDATE `creature_template` SET `npcflag`=81 WHERE `entry`=133396; -- Jandros Terres
UPDATE `creature_template` SET `unit_flags3`=8388608 WHERE `entry`=133433; -- Ghostblade Scout
UPDATE `creature_template` SET `faction`=35 WHERE `entry`=32639; -- Gnimo
UPDATE `creature_template` SET `faction`=35 WHERE `entry`=32638; -- Hakmud of Argus
UPDATE `creature_template` SET `BaseAttackTime`=1528, `unit_flags3`=335544320 WHERE `entry`=165189; -- Generic Hunter Pet
UPDATE `creature_template` SET `unit_flags3`=8388608 WHERE `entry`=133509; -- Riftwarden Acolyte
UPDATE `creature_template` SET `faction`=190, `speed_run`=0.857142865657806396, `BaseAttackTime`=2000, `unit_flags`=33536, `unit_flags2`=2048 WHERE `entry`=209259; -- Lil' Frostwing
UPDATE `creature_template` SET `speed_run`=1.428571462631225585 WHERE `entry`=68; -- Stormwind City Guard
UPDATE `creature_template` SET `unit_flags3`=16777216 WHERE `entry`=111190; -- "The Imposter" Quest SI:7 Courtyard Reached Kill Credit & POI Marker
UPDATE `creature_template` SET `speed_walk`=5.599999904632568359, `unit_flags3`=8388608 WHERE `entry`=51348; -- Stormwind Gryphon Rider
UPDATE `creature_template` SET `faction`=35, `npcflag`=3, `BaseAttackTime`=2000, `unit_flags`=33536, `unit_flags2`=2048 WHERE `entry`=209790; -- Virtos

DELETE FROM `creature_addon` WHERE `guid` BETWEEN @EGUID+0 AND @EGUID+278;
INSERT INTO `creature_addon` (`guid`, `path_id`, `mount`, `StandState`, `AnimTier`, `VisFlags`, `SheathState`, `PvpFlags`, `emote`, `aiAnimKit`, `movementAnimKit`, `meleeAnimKit`, `visibilityDistanceType`, `auras`) VALUES
(@EGUID+1, 0, 0, 0, 0, 0, 1, 0, 0, 0, 0, 0, 4, 0), -- Dave's Industrial Light and Magic Bunny (Medium)(Sessile)
(@EGUID+2, 0, 0, 0, 0, 0, 1, 0, 0, 0, 0, 0, 4, 0), -- Dave's Industrial Light and Magic Bunny (Medium)(Sessile)
(@EGUID+3, 0, 0, 0, 0, 0, 1, 1, 0, 0, 0, 0, 0, 79976), -- Naanae - 79976 - Retribution Aura
(@EGUID+5, 0, 0, 0, 0, 0, 1, 1, 0, 0, 0, 0, 0, 0), -- Count Remington Ridgewell
(@EGUID+6, 0, 0, 0, 0, 0, 1, 0, 0, 0, 0, 0, 4, 0), -- Dave's Industrial Light and Magic Bunny (Medium)(Sessile)
(@EGUID+7, 0, 0, 0, 0, 0, 1, 0, 0, 0, 0, 0, 4, 0), -- Dave's Industrial Light and Magic Bunny (Medium)(Sessile)
(@EGUID+8, 0, 0, 0, 0, 0, 0, 0, 0, 0, 0, 0, 0, 0), -- Virtos
(@EGUID+9, 0, 0, 0, 0, 0, 1, 0, 0, 0, 0, 0, 4, 0), -- Dave's Industrial Light and Magic Bunny (Medium)(Sessile)
(@EGUID+10, 0, 0, 0, 0, 0, 1, 1, 0, 0, 0, 0, 0, 0), -- Bishop DeLavey
(@EGUID+11, 0, 27913, 0, 3, 0, 1, 1, 0, 0, 0, 0, 0, 0), -- Stormwind Gryphon Rider
(@EGUID+12, 0, 0, 0, 0, 0, 1, 0, 0, 0, 0, 0, 5, 0), -- Totally Generic Bunny (All Phase)
(@EGUID+13, 0, 0, 0, 0, 0, 1, 1, 0, 0, 0, 0, 0, 0), -- Emissary Taluun
(@EGUID+14, 0, 0, 0, 0, 0, 1, 0, 0, 0, 0, 0, 5, 0), -- Totally Generic Bunny (All Phase)
(@EGUID+15, 0, 0, 0, 0, 0, 1, 0, 0, 0, 0, 0, 4, 0), -- Dave's Industrial Light and Magic Bunny (Medium)(Sessile)
(@EGUID+16, 0, 0, 0, 0, 0, 1, 1, 0, 0, 0, 0, 0, 0), -- Lucas Severing
(@EGUID+17, 0, 0, 0, 0, 0, 1, 0, 0, 0, 0, 0, 4, 0), -- Dave's Industrial Light and Magic Bunny (Medium)(Sessile)
(@EGUID+18, 0, 0, 0, 0, 0, 1, 0, 0, 0, 0, 0, 5, 0), -- "The Imposter" Quest SI:7 Courtyard Reached Kill Credit & POI Marker
(@EGUID+19, 0, 0, 0, 0, 0, 1, 1, 0, 0, 0, 0, 0, 0), -- Lord Baurles K. Wishock
(@EGUID+20, 0, 0, 0, 0, 0, 1, 1, 0, 0, 0, 0, 3, 0), -- Alleria Windrunner
(@EGUID+21, 0, 27913, 0, 3, 0, 1, 1, 0, 0, 0, 0, 0, 0), -- Stormwind Gryphon Rider
(@EGUID+22, 0, 27913, 0, 3, 0, 1, 1, 0, 0, 0, 0, 0, 0), -- Stormwind Gryphon Rider
(@EGUID+23, 0, 0, 0, 0, 0, 1, 1, 0, 0, 0, 0, 0, 0), -- Stormwind City Patroller
(@EGUID+25, 0, 0, 0, 0, 0, 1, 0, 379, 0, 0, 0, 0, 0), -- Stormwind Fisherman
(@EGUID+26, 0, 27913, 0, 3, 0, 1, 1, 0, 0, 0, 0, 0, 0), -- Stormwind Gryphon Rider
(@EGUID+27, 0, 0, 3, 0, 0, 1, 1, 0, 0, 0, 0, 0, 0), -- Brunn Goldenmug
(@EGUID+28, 0, 0, 0, 0, 0, 1, 0, 379, 0, 0, 0, 0, 0), -- Stormwind Fisherman
(@EGUID+30, 0, 0, 0, 0, 0, 0, 1, 0, 0, 0, 0, 0, 0), -- Antoinette Jardin
(@EGUID+31, 0, 0, 0, 0, 0, 1, 0, 379, 0, 0, 0, 0, 0), -- Stormwind Fisherman
(@EGUID+32, 0, 0, 0, 0, 0, 1, 1, 0, 0, 0, 0, 0, 0), -- Bartleby
(@EGUID+33, 0, 0, 0, 0, 0, 0, 1, 0, 0, 0, 0, 0, 0), -- Tanaya Perch
(@EGUID+34, 0, 0, 0, 0, 0, 1, 0, 379, 0, 0, 0, 0, 0), -- Colton Smith
(@EGUID+35, 0, 0, 0, 0, 0, 1, 1, 0, 0, 0, 0, 0, 0), -- Elly Langston
(@EGUID+36, 0, 0, 0, 0, 0, 1, 1, 0, 0, 0, 0, 0, 0), -- Stormwind City Guard
(@EGUID+37, 0, 0, 0, 0, 0, 0, 1, 0, 14677, 0, 0, 0, 263410), -- Mummiaabu - 263410 - Cosmetic - Hold Mug Kul Tiras Tankard
(@EGUID+38, 0, 0, 0, 0, 0, 1, 1, 0, 0, 0, 0, 0, 0), -- Aedis Brom
-- (@EGUID+39, 0, 0, 0, 3, 0, 1, 0, 0, 0, 0, 0, 0, '308853'), -- Lil' Frostwing - 308853 - Battle Pet Periodic - !!! might be temporary spawn !!!
(@EGUID+40, 0, 0, 0, 0, 0, 1, 1, 0, 0, 0, 0, 0, 0), -- Kendor Kabonka
(@EGUID+42, 0, 0, 0, 0, 0, 1, 1, 0, 0, 0, 0, 0, 0), -- Christoph Faral
(@EGUID+43, 0, 0, 0, 0, 0, 1, 1, 0, 0, 0, 0, 0, 0), -- Reese Langston
(@EGUID+44, 0, 0, 0, 0, 0, 0, 0, 0, 14677, 0, 0, 0, 263410), -- Daphne Funkybeats - 263410 - Cosmetic - Hold Mug Kul Tiras Tankard
(@EGUID+48, 0, 27913, 0, 3, 0, 1, 1, 0, 0, 0, 0, 0, 0), -- Stormwind Gryphon Rider
(@EGUID+51, 0, 0, 0, 0, 0, 1, 1, 0, 0, 0, 0, 0, 0), -- Wilder Thistlenettle
(@EGUID+53, 0, 0, 0, 0, 0, 1, 1, 0, 0, 0, 0, 0, 0), -- Brohann Caskbelly
(@EGUID+57, 0, 0, 0, 0, 0, 1, 1, 0, 0, 0, 0, 0, 0), -- Riftwarden Acolyte
(@EGUID+60, 0, 0, 0, 0, 0, 1, 1, 0, 0, 0, 0, 0, 0), -- Allison Potts
(@EGUID+61, 0, 0, 0, 0, 0, 1, 1, 0, 0, 0, 0, 0, 0), -- Jordan Smith
(@EGUID+62, 0, 0, 0, 0, 0, 1, 1, 0, 0, 0, 0, 0, 0), -- Daniel Kinsey
(@EGUID+64, 0, 0, 0, 0, 0, 1, 1, 0, 0, 0, 0, 0, 0), -- Daphne "The Rose" Bloom
(@EGUID+65, 0, 0, 0, 0, 0, 1, 1, 0, 0, 0, 0, 0, 0), -- Warren Fulton
(@EGUID+66, 0, 0, 0, 0, 0, 1, 1, 0, 0, 0, 0, 0, 0), -- Quincy Cutler
(@EGUID+67, 0, 0, 0, 0, 0, 1, 1, 0, 0, 0, 0, 0, 221508), -- Officer Connelly - 221508 - The Imposter: Stormwind City Guard Stealth Detection Circle, 18950 - Invisibility and Stealth Detection
(@EGUID+68, 0, 0, 0, 0, 0, 1, 1, 0, 0, 0, 0, 0, 0), -- Stormwind City Patroller
(@EGUID+69, 0, 0, 0, 0, 0, 1, 1, 0, 0, 0, 0, 0, 0), -- Morgg Stormshot
(@EGUID+70, 0, 0, 0, 0, 0, 0, 1, 0, 0, 0, 0, 0, 0), -- Ulfir Ironbeard
(@EGUID+71, 0, 0, 0, 0, 0, 1, 1, 0, 0, 0, 0, 0, 0), -- Karrina Mekenda
(@EGUID+72, 0, 0, 0, 0, 0, 1, 1, 0, 0, 0, 0, 0, 0), -- Jenova Stoneshield
(@EGUID+73, 0, 0, 1, 0, 0, 1, 0, 0, 0, 0, 0, 0, 0), -- Muzzle
(@EGUID+74, 0, 0, 0, 0, 0, 0, 1, 0, 0, 0, 0, 0, 0), -- Einris Brightspear
(@EGUID+75, 0, 0, 0, 0, 0, 0, 1, 0, 0, 0, 0, 0, 0), -- Thorfin Stoneshield
(@EGUID+76, 0, 0, 0, 0, 0, 1, 1, 0, 0, 0, 0, 0, 0), -- Lana Ashwin
(@EGUID+77, 0, 0, 0, 0, 0, 1, 1, 0, 0, 0, 0, 0, 0), -- Sean Copeland
(@EGUID+78, 0, 0, 0, 0, 0, 0, 1, 0, 0, 0, 0, 0, 0), -- Stormwind City Patroller
(@EGUID+79, 0, 0, 0, 0, 0, 1, 1, 0, 0, 0, 0, 0, 0), -- Kaita Deepforge
(@EGUID+80, 0, 0, 0, 0, 0, 0, 1, 0, 0, 0, 0, 0, 0), -- Scott Keenan
(@EGUID+81, 0, 0, 0, 0, 0, 0, 0, 0, 0, 0, 0, 0, 0), -- Stormwind City Guard
(@EGUID+82, 0, 0, 0, 0, 0, 0, 0, 0, 0, 0, 0, 0, 0), -- Stormwind City Guard
(@EGUID+83, 0, 0, 0, 0, 0, 1, 1, 0, 0, 0, 0, 0, 0), -- Dane Lindgren
(@EGUID+84, 0, 0, 0, 0, 0, 1, 1, 0, 0, 0, 0, 0, 0), -- Stormwind City Guard
(@EGUID+85, 0, 0, 0, 0, 0, 1, 1, 0, 0, 0, 0, 0, 0), -- Furen Longbeard
(@EGUID+86, 0, 27913, 0, 3, 0, 1, 1, 0, 0, 0, 0, 0, 0), -- Stormwind Gryphon Rider
(@EGUID+87, 0, 0, 0, 0, 0, 1, 1, 0, 0, 0, 0, 0, 0), -- Stormwind City Patroller
(@EGUID+88, 0, 0, 0, 0, 0, 2, 1, 0, 0, 0, 0, 0, 0), -- Thulman Flintcrag
(@EGUID+89, 0, 0, 0, 0, 0, 1, 1, 0, 0, 0, 0, 0, 0), -- Chief Surgeon Gashweld
(@EGUID+90, 0, 0, 0, 0, 0, 1, 1, 0, 0, 0, 0, 0, 0), -- Therum Deepforge
(@EGUID+95, 0, 0, 0, 0, 0, 1, 1, 0, 0, 0, 0, 0, 0), -- Hank the Hammer
(@EGUID+96, 0, 0, 0, 0, 0, 1, 1, 0, 0, 0, 0, 0, 0), -- Stormwind City Guard
(@EGUID+97, 0, 0, 0, 0, 0, 1, 1, 0, 0, 0, 0, 0, 0), -- Stormwind City Guard
(@EGUID+101, 0, 0, 0, 0, 0, 1, 1, 0, 0, 0, 0, 0, 0), -- Trained Brightlance
(@EGUID+103, 0, 0, 0, 0, 0, 1, 1, 0, 0, 0, 0, 0, 0), -- Trained Brightlance
(@EGUID+104, 0, 0, 0, 0, 0, 1, 1, 0, 0, 0, 0, 0, 0), -- Shoni the Shilent
(@EGUID+105, 0, 0, 0, 0, 0, 1, 1, 0, 0, 0, 0, 0, 65522), -- Human Commoner - 65522 - Gossip NPC Appearance - Winter Veil, 33207 - Gossip NPC Periodic - Fidget, 33208 - Gossip NPC Periodic - Talk
(@EGUID+106, 0, 0, 0, 0, 0, 1, 1, 0, 0, 0, 0, 0, 0), -- Thaegra Tillstone
(@EGUID+108, 0, 0, 0, 0, 0, 1, 1, 0, 0, 0, 0, 0, 0), -- Farseer Umbrua
(@EGUID+109, 0, 0, 0, 0, 0, 1, 1, 0, 0, 0, 0, 0, 65522), -- Human Commoner - 65522 - Gossip NPC Appearance - Winter Veil, 33207 - Gossip NPC Periodic - Fidget, 33208 - Gossip NPC Periodic - Talk
(@EGUID+110, 0, 0, 0, 0, 0, 1, 1, 0, 0, 0, 0, 0, 0), -- Myrla Stoneround
(@EGUID+111, 0, 0, 0, 0, 0, 1, 1, 0, 0, 0, 0, 0, 0), -- Dalga Hammerbeak
(@EGUID+112, 0, 0, 0, 0, 0, 1, 1, 0, 0, 0, 0, 0, 0), -- Colin Field
(@EGUID+113, 0, 0, 0, 0, 0, 1, 1, 0, 0, 0, 0, 0, 0), -- Bolgor
(@EGUID+114, 0, 0, 0, 0, 0, 1, 1, 0, 0, 0, 0, 0, 0), -- Billibub Cogspinner
(@EGUID+115, 0, 0, 0, 0, 0, 1, 1, 0, 0, 0, 0, 0, 0), -- Bolner Hammerbeak
(@EGUID+117, 0, 0, 0, 0, 0, 1, 1, 0, 0, 0, 0, 0, 0), -- Sprite Jumpsprocket
(@EGUID+119, 0, 0, 0, 0, 0, 1, 1, 0, 0, 0, 0, 0, 0), -- Lilliam Sparkspindle
(@EGUID+120, 0, 0, 0, 0, 0, 1, 0, 732, 0, 0, 0, 0, 0), -- "Lefty" Lucy
-- (@EGUID+121, 0, 0, 0, 0, 0, 1, 0, 0, 0, 0, 0, 0, '166615 263934 8875 19581 34902 65220 88680 264662'), -- Generic Hunter Pet - 166615 - Pet Active, 263934 - Thick Fur, 8875 - Pet Damage, 19581 - Pet Health, 34902 - Hunter Pet, 65220 - Avoidance, 88680 - Kindred Spirits, 264662 - Endurance Training - !!! might be temporary spawn !!!
(@EGUID+122, 0, 0, 0, 0, 0, 1, 1, 0, 0, 0, 0, 0, 0), -- Gelman Stonehand
(@EGUID+123, 0, 0, 0, 0, 0, 1, 0, 0, 0, 0, 0, 0, 390427), -- Riley Tidy - 390427 - Breakable WAHammer 01
(@EGUID+124, 0, 0, 0, 0, 0, 1, 0, 0, 1421, 0, 0, 0, 0), -- Toy Tank
(@EGUID+125, 0, 0, 0, 0, 0, 1, 1, 641, 0, 0, 0, 0, 0), -- Trained Brightlance
(@EGUID+126, 0, 0, 0, 0, 0, 1, 1, 0, 0, 0, 0, 0, 0), -- Brooke Stonebraid
(@EGUID+127, 0, 0, 0, 0, 0, 1, 1, 0, 0, 0, 0, 0, 0), -- Stormwind City Guard
(@EGUID+128, 0, 0, 0, 0, 0, 0, 0, 0, 0, 0, 0, 0, 0), -- Lightforged Sunshield
(@EGUID+129, 0, 0, 0, 0, 0, 1, 1, 0, 0, 0, 0, 0, 0), -- Stormwind City Guard
(@EGUID+130, 0, 0, 0, 0, 0, 1, 1, 0, 0, 0, 0, 0, 0), -- Grimand Elmore
(@EGUID+131, 0, 0, 0, 0, 0, 1, 1, 0, 0, 0, 0, 0, 0), -- Auctioneer Hesse
(@EGUID+133, 0, 0, 0, 0, 0, 1, 1, 0, 0, 0, 0, 0, 0), -- Jamie Crester
(@EGUID+134, 0, 0, 0, 0, 0, 1, 1, 0, 0, 0, 0, 0, 0), -- Stormwind City Guard
(@EGUID+136, 0, 0, 0, 0, 0, 1, 1, 0, 0, 0, 0, 0, 0), -- Borgus Steelhand
(@EGUID+137, 0, 0, 0, 0, 0, 1, 1, 0, 0, 0, 0, 0, 0), -- Auctioneer Lauffer
(@EGUID+138, 0, 0, 0, 0, 0, 1, 1, 0, 0, 0, 0, 0, 0), -- Kathrum Axehand
(@EGUID+139, 0, 0, 0, 0, 0, 1, 1, 0, 0, 0, 0, 0, 0), -- Stormwind City Guard
(@EGUID+140, 0, 0, 0, 0, 0, 1, 1, 0, 0, 0, 0, 0, 0), -- Lee Crester
(@EGUID+141, 0, 0, 0, 0, 0, 1, 1, 0, 0, 0, 0, 0, 221508), -- Officer Brady - 221508 - The Imposter: Stormwind City Guard Stealth Detection Circle, 18950 - Invisibility and Stealth Detection
(@EGUID+142, 0, 0, 0, 0, 0, 1, 1, 0, 0, 0, 0, 0, 0), -- Auctioneer Fitzgerald
(@EGUID+143, 0, 0, 0, 0, 0, 1, 1, 0, 0, 0, 0, 0, 0), -- Stormwind City Guard
(@EGUID+144, 0, 0, 0, 0, 0, 0, 0, 0, 0, 0, 0, 0, 0), -- Lightforged Sunshield
(@EGUID+145, 0, 0, 0, 0, 0, 1, 1, 0, 0, 0, 0, 0, 0), -- Stormwind City Guard
(@EGUID+146, 0, 0, 0, 0, 0, 1, 1, 0, 0, 0, 0, 0, 0), -- Leslie Wainwright
(@EGUID+147, 0, 0, 0, 0, 0, 1, 1, 0, 0, 0, 0, 0, 0), -- Stormwind City Guard
(@EGUID+148, 0, 0, 0, 0, 0, 1, 1, 0, 0, 0, 0, 0, 0), -- Curtis Crester
(@EGUID+149, 0, 27913, 0, 3, 0, 1, 1, 0, 0, 0, 0, 0, 0), -- Stormwind Gryphon Rider
(@EGUID+150, 0, 0, 0, 0, 0, 1, 1, 0, 0, 0, 0, 0, 0), -- Warren Wainwright
(@EGUID+151, 0, 0, 0, 0, 0, 1, 1, 0, 0, 0, 0, 0, 0), -- Ann Wainwright
(@EGUID+152, 0, 0, 0, 0, 0, 1, 1, 0, 0, 0, 0, 0, 0), -- Stormwind City Patroller
(@EGUID+153, 0, 0, 0, 0, 0, 1, 1, 0, 0, 0, 0, 0, 0), -- Stormwind City Guard
(@EGUID+154, 0, 0, 0, 0, 0, 1, 1, 0, 0, 0, 0, 0, 0), -- Stormwind City Guard
(@EGUID+156, 0, 0, 0, 0, 0, 1, 0, 0, 0, 0, 0, 0, 258389), -- Arielle Snapflash - 258389 - Photographer State
(@EGUID+159, 0, 0, 0, 0, 0, 1, 1, 0, 0, 0, 0, 0, 82020), -- Fineas G. Bankworthy - 82020 - High Class
(@EGUID+161, 0, 0, 0, 0, 0, 1, 0, 234, 0, 0, 0, 0, 0), -- Peasant Worker
(@EGUID+163, 0, 0, 0, 0, 0, 1, 0, 0, 15024, 0, 0, 0, 0), -- Peasant Worker
(@EGUID+165, 0, 0, 0, 0, 0, 1, 1, 0, 0, 0, 0, 0, 0), -- Stormwind City Guard
(@EGUID+166, 0, 0, 0, 0, 0, 1, 1, 415, 0, 0, 0, 0, 0), -- Stormwind City Guard
(@EGUID+167, 0, 0, 1, 0, 0, 1, 0, 0, 0, 0, 0, 0, 0), -- Colin O'Rourke
(@EGUID+168, 0, 0, 1, 0, 0, 1, 0, 0, 0, 0, 0, 0, 0), -- Chromie
(@EGUID+169, 0, 0, 0, 0, 0, 1, 1, 0, 0, 0, 0, 0, 0), -- Stormwind City Guard
(@EGUID+170, 0, 0, 0, 0, 0, 0, 1, 0, 0, 0, 0, 0, 0), -- Trained Brightlance
(@EGUID+171, 0, 0, 0, 0, 0, 1, 0, 0, 0, 0, 0, 0, 50917), -- Rek'tor - 50917 - Sleeping Sleep
(@EGUID+174, 0, 0, 0, 0, 0, 1, 1, 0, 0, 0, 0, 0, 0), -- Stormwind City Guard
(@EGUID+175, 0, 0, 0, 0, 0, 0, 1, 0, 0, 0, 0, 0, 0), -- Aspiring Anchorite
(@EGUID+176, 0, 0, 0, 0, 0, 0, 0, 0, 0, 0, 0, 0, 0), -- Lightforged Sunshield
(@EGUID+177, 0, 0, 0, 0, 0, 0, 0, 0, 0, 0, 0, 0, 0), -- Lightforged Sunshield
(@EGUID+178, 0, 0, 0, 0, 0, 1, 1, 0, 0, 0, 0, 0, 0), -- Stormwind City Guard
(@EGUID+179, 0, 0, 0, 0, 0, 1, 1, 0, 0, 0, 0, 0, 0), -- Stormwind City Guard
(@EGUID+182, 0, 0, 0, 0, 0, 1, 1, 0, 0, 0, 0, 0, 0), -- Celeste Periwinkle
(@EGUID+183, 0, 0, 0, 0, 0, 0, 1, 0, 0, 0, 0, 0, 0), -- Ghostblade Scout
(@EGUID+184, 0, 0, 0, 0, 0, 1, 1, 0, 0, 0, 0, 0, 0), -- Jandros Terres
(@EGUID+185, 0, 0, 0, 0, 0, 0, 1, 0, 0, 0, 0, 0, 0), -- Trained Brightlance
(@EGUID+186, 0, 0, 0, 0, 0, 1, 1, 0, 0, 0, 0, 0, 0), -- Riftwarden Acolyte
(@EGUID+187, 0, 0, 0, 0, 0, 1, 0, 379, 0, 0, 0, 0, 0), -- Stormwind Fisherman
(@EGUID+189, 0, 0, 0, 0, 0, 1, 1, 0, 0, 0, 0, 0, 0), -- Aevedos
(@EGUID+190, 0, 0, 0, 0, 0, 0, 1, 0, 0, 0, 0, 0, 0), -- Ghostblade Scout
(@EGUID+192, 0, 0, 0, 0, 0, 0, 1, 0, 0, 0, 0, 0, 0), -- Ghostblade Scout
(@EGUID+194, 0, 0, 0, 0, 0, 0, 1, 0, 0, 0, 0, 0, 0), -- Riftwarden Acolyte
(@EGUID+195, 0, 0, 0, 0, 0, 1, 1, 0, 0, 0, 0, 0, 0), -- Master Arcanist
(@EGUID+197, 0, 0, 0, 0, 0, 1, 1, 0, 0, 0, 0, 0, 0), -- Stormwind City Guard
(@EGUID+198, 0, 0, 0, 0, 0, 1, 1, 0, 0, 0, 0, 0, 0), -- Stormwind City Guard
(@EGUID+199, 0, 0, 0, 0, 0, 1, 1, 69, 0, 0, 0, 0, 0), -- Dark Iron Representative
(@EGUID+200, 0, 0, 0, 0, 0, 1, 1, 0, 0, 0, 0, 0, 0), -- Kul Tiran Representative
(@EGUID+201, 0, 0, 0, 0, 0, 1, 1, 0, 0, 0, 0, 0, 0), -- Dark Iron Representative
(@EGUID+202, 0, 0, 0, 0, 0, 1, 1, 0, 0, 0, 0, 0, 0), -- Void Elf Representative
(@EGUID+203, 0, 0, 0, 0, 0, 0, 1, 0, 0, 0, 0, 0, 0), -- Trained Brightlance
(@EGUID+205, 0, 0, 0, 0, 0, 1, 1, 0, 0, 0, 0, 0, 0), -- Dark Iron Representative
(@EGUID+207, 0, 0, 0, 0, 0, 1, 1, 0, 0, 0, 0, 0, 262246), -- Dalia Skyblossom - 262246 - Cook Meat
(@EGUID+209, 0, 0, 0, 0, 0, 0, 0, 572, 0, 0, 0, 0, 0), -- Lightforged Sunshield
(@EGUID+210, 0, 0, 0, 0, 0, 1, 1, 0, 0, 0, 0, 0, 0), -- Kul Tiran Representative
(@EGUID+211, 0, 0, 0, 0, 0, 1, 1, 0, 0, 0, 0, 0, 0), -- Void Elf Representative
(@EGUID+212, 0, 0, 0, 0, 0, 1, 1, 0, 0, 0, 0, 0, 0), -- Lightforged Representative
(@EGUID+216, 0, 0, 0, 0, 0, 1, 1, 0, 0, 0, 0, 0, 0), -- Lightforged Representative
(@EGUID+217, 0, 0, 0, 0, 0, 1, 1, 0, 0, 0, 0, 0, 0), -- Stormwind City Guard
(@EGUID+218, 0, 0, 0, 0, 0, 0, 1, 0, 0, 0, 0, 0, 0), -- Trained Brightlance
(@EGUID+219, 0, 27913, 0, 3, 0, 1, 1, 0, 0, 0, 0, 0, 0), -- Stormwind Gryphon Rider
(@EGUID+222, 0, 0, 0, 0, 0, 1, 1, 0, 0, 0, 0, 0, 0), -- Stormwind City Guard
(@EGUID+224, 0, 0, 0, 0, 0, 1, 1, 505, 0, 0, 0, 0, 0), -- Ghostblade Scout
(@EGUID+225, 0, 0, 0, 0, 0, 1, 1, 0, 0, 0, 0, 0, 0), -- Stormwind City Guard
(@EGUID+226, 0, 0, 0, 0, 0, 1, 1, 0, 0, 0, 0, 0, 0), -- Elestrae Dawnshard
(@EGUID+227, 0, 0, 8, 0, 0, 1, 1, 0, 0, 0, 0, 0, 0), -- Nicanor Ward
(@EGUID+228, 0, 0, 0, 0, 0, 1, 1, 654, 0, 0, 0, 0, 0), -- Trained Brightlance
(@EGUID+231, 0, 0, 0, 0, 0, 1, 1, 0, 0, 0, 0, 0, 0), -- Shani Ward
(@EGUID+232, 0, 0, 0, 0, 0, 1, 1, 0, 0, 0, 0, 0, 0), -- Stormwind City Guard
(@EGUID+233, 0, 0, 0, 0, 0, 1, 1, 0, 0, 0, 0, 0, 0), -- Druben Stoutarm
(@EGUID+234, 0, 0, 0, 0, 0, 1, 1, 0, 0, 0, 0, 0, 0), -- Statiks Quikfuse
(@EGUID+235, 0, 0, 0, 0, 0, 1, 1, 0, 0, 0, 0, 0, 0), -- Landscaper Ed
(@EGUID+237, 0, 0, 0, 0, 0, 1, 1, 0, 0, 0, 0, 0, 0), -- Stormwind City Patroller
(@EGUID+239, 0, 0, 0, 0, 0, 1, 1, 0, 22046, 0, 0, 0, 303032), -- Ryth the Melodious - 303032 - Placeholder [DNT]
(@EGUID+241, 0, 0, 0, 0, 0, 1, 1, 0, 0, 0, 0, 0, 0), -- Stormwind City Guard
(@EGUID+242, 0, 0, 0, 0, 0, 1, 1, 0, 0, 0, 0, 0, 0), -- Stormwind City Guard
(@EGUID+243, 0, 0, 0, 0, 0, 1, 1, 0, 0, 0, 0, 0, 0), -- Stormwind City Guard
(@EGUID+246, 0, 0, 0, 0, 0, 1, 1, 375, 0, 0, 0, 0, 0), -- Trained Brightlance
(@EGUID+247, 0, 0, 0, 0, 0, 1, 1, 375, 0, 0, 0, 0, 0), -- Trained Brightlance
(@EGUID+248, 0, 0, 0, 0, 0, 1, 1, 375, 0, 0, 0, 0, 0), -- Trained Brightlance
(@EGUID+250, 0, 0, 0, 0, 0, 1, 1, 375, 0, 0, 0, 0, 0), -- Trained Brightlance
(@EGUID+252, 0, 0, 0, 0, 0, 1, 1, 375, 0, 0, 0, 0, 0), -- Trained Brightlance
(@EGUID+253, 0, 0, 0, 0, 0, 1, 1, 375, 0, 0, 0, 0, 0), -- Trained Brightlance
(@EGUID+254, 0, 0, 0, 0, 0, 1, 1, 375, 0, 0, 0, 0, 0), -- Trained Brightlance
(@EGUID+255, 0, 0, 0, 0, 0, 1, 1, 375, 0, 0, 0, 0, 0), -- Trained Brightlance
(@EGUID+256, 0, 0, 0, 0, 0, 0, 0, 0, 0, 0, 0, 0, 0), -- Aressa
(@EGUID+257, 0, 0, 0, 0, 0, 1, 1, 375, 0, 0, 0, 0, 0), -- Trained Brightlance
(@EGUID+258, 0, 0, 0, 0, 0, 1, 1, 375, 0, 0, 0, 0, 0), -- Trained Brightlance
(@EGUID+259, 0, 0, 0, 0, 0, 1, 1, 375, 0, 0, 0, 0, 0), -- Trained Brightlance
(@EGUID+260, 0, 27913, 0, 3, 0, 1, 1, 0, 0, 0, 0, 0, 0), -- Stormwind Gryphon Rider
(@EGUID+261, 0, 0, 0, 0, 0, 1, 1, 375, 0, 0, 0, 0, 0), -- Trained Brightlance
(@EGUID+262, 0, 0, 0, 0, 0, 1, 1, 375, 0, 0, 0, 0, 0), -- Trained Brightlance
(@EGUID+263, 0, 0, 0, 0, 0, 1, 1, 375, 0, 0, 0, 0, 0), -- Trained Brightlance
(@EGUID+264, 0, 0, 0, 0, 0, 1, 1, 375, 0, 0, 0, 0, 0), -- Trained Brightlance
(@EGUID+265, 0, 0, 0, 0, 0, 1, 1, 375, 0, 0, 0, 0, 0), -- Trained Brightlance
(@EGUID+268, 0, 0, 0, 0, 0, 1, 1, 0, 0, 0, 0, 0, 0), -- Gardener Flin
(@EGUID+271, 0, 0, 0, 2, 0, 1, 0, 0, 0, 0, 0, 0, 0), -- Butterflies
(@EGUID+274, 0, 0, 0, 0, 0, 0, 1, 0, 0, 0, 0, 0, 0); -- Ghostblade Scout

DELETE FROM `npc_text` WHERE `ID` BETWEEN @ANPCTEXTID+0 AND @ANPCTEXTID+4;
INSERT INTO `npc_text` (`ID`, `Probability0`, `Probability1`, `Probability2`, `Probability3`, `Probability4`, `Probability5`, `Probability6`, `Probability7`, `BroadcastTextId0`, `BroadcastTextId1`, `BroadcastTextId2`, `BroadcastTextId3`, `BroadcastTextId4`, `BroadcastTextId5`, `BroadcastTextId6`, `BroadcastTextId7`, `VerifiedBuild`) VALUES
(@ANPCTEXTID+0, 1, 0, 0, 0, 0, 0, 0, 0, 240980, 0, 0, 0, 0, 0, 0, 0, 52649), -- 167032 (Chromie)
(@ANPCTEXTID+1, 1, 0, 0, 0, 0, 0, 0, 0, 36058, 0, 0, 0, 0, 0, 0, 0, 52649), -- 44395 (Celestine of the Harvest)
(@ANPCTEXTID+2, 1, 0, 0, 0, 0, 0, 0, 0, 240996, 0, 0, 0, 0, 0, 0, 0, 52649), -- 167032 (Chromie)
(@ANPCTEXTID+3, 1, 0, 0, 0, 0, 0, 0, 0, 240875, 0, 0, 0, 0, 0, 0, 0, 52649), -- 167032 (Chromie)
(@ANPCTEXTID+4, 1, 0, 0, 0, 0, 0, 0, 0, 240872, 0, 0, 0, 0, 0, 0, 0, 52649); -- 167032 (Chromie)

-- Dalia Skyblossom Vendor Items

DELETE FROM `npc_vendor` WHERE (`entry`=133411 AND `item`=21219 AND `ExtendedCost`=0 AND `type`=1) OR (`entry`=133411 AND `item`=21099 AND `ExtendedCost`=0 AND `type`=1) OR (`entry`=133411 AND `item`=2678 AND `ExtendedCost`=0 AND `type`=1) OR (`entry`=133411 AND `item`=30817 AND `ExtendedCost`=0 AND `type`=1) OR (`entry`=133411 AND `item`=159 AND `ExtendedCost`=0 AND `type`=1);
INSERT INTO `npc_vendor` (`entry`, `slot`, `item`, `maxcount`, `ExtendedCost`, `type`, `PlayerConditionID`, `IgnoreFiltering`, `VerifiedBuild`) VALUES
(133411, 21, 21219, 0, 0, 1, 0, 0, 52649), -- Recipe: Sagefish Delight
(133411, 20, 21099, 0, 0, 1, 0, 0, 52649), -- Recipe: Smoked Sagefish
(133411, 19, 2678, 0, 0, 1, 0, 0, 52649), -- Mild Spices
(133411, 18, 30817, 0, 0, 1, 0, 0, 52649), -- Simple Flour
(133411, 17, 159, 0, 0, 1, 0, 0, 52649); -- Refreshing Spring Water

-- Statiks Quikfuse Vendor Items

DELETE FROM `npc_vendor` WHERE (`entry`=133332 AND `item`=39354 AND `ExtendedCost`=0 AND `type`=1) OR (`entry`=133332 AND `item`=4364 AND `ExtendedCost`=0 AND `type`=1) OR (`entry`=133332 AND `item`=4357 AND `ExtendedCost`=0 AND `type`=1) OR (`entry`=133332 AND `item`=4371 AND `ExtendedCost`=0 AND `type`=1) OR (`entry`=133332 AND `item`=10647 AND `ExtendedCost`=0 AND `type`=1) OR (`entry`=133332 AND `item`=160298 AND `ExtendedCost`=0 AND `type`=1) OR (`entry`=133332 AND `item`=3466 AND `ExtendedCost`=0 AND `type`=1) OR (`entry`=133332 AND `item`=2880 AND `ExtendedCost`=0 AND `type`=1) OR (`entry`=133332 AND `item`=39684 AND `ExtendedCost`=0 AND `type`=1) OR (`entry`=133332 AND `item`=40533 AND `ExtendedCost`=0 AND `type`=1) OR (`entry`=133332 AND `item`=4400 AND `ExtendedCost`=0 AND `type`=1) OR (`entry`=133332 AND `item`=4399 AND `ExtendedCost`=0 AND `type`=1) OR (`entry`=133332 AND `item`=90146 AND `ExtendedCost`=0 AND `type`=1) OR (`entry`=133332 AND `item`=183952 AND `ExtendedCost`=0 AND `type`=1) OR (`entry`=133332 AND `item`=2901 AND `ExtendedCost`=0 AND `type`=1) OR (`entry`=133332 AND `item`=5956 AND `ExtendedCost`=0 AND `type`=1) OR (`entry`=133332 AND `item`=6219 AND `ExtendedCost`=0 AND `type`=1) OR (`entry`=133332 AND `item`=68660 AND `ExtendedCost`=6003 AND `type`=1) OR (`entry`=133332 AND `item`=59489 AND `ExtendedCost`=3310 AND `type`=1) OR (`entry`=133332 AND `item`=59477 AND `ExtendedCost`=3392 AND `type`=1) OR (`entry`=133332 AND `item`=59478 AND `ExtendedCost`=3311 AND `type`=1) OR (`entry`=133332 AND `item`=59479 AND `ExtendedCost`=3311 AND `type`=1) OR (`entry`=133332 AND `item`=59480 AND `ExtendedCost`=3308 AND `type`=1) OR (`entry`=133332 AND `item`=59491 AND `ExtendedCost`=3305 AND `type`=1) OR (`entry`=133332 AND `item`=59493 AND `ExtendedCost`=3307 AND `type`=1) OR (`entry`=133332 AND `item`=59496 AND `ExtendedCost`=3306 AND `type`=1) OR (`entry`=5512 AND `item`=160298 AND `ExtendedCost`=0 AND `type`=1) OR (`entry`=5512 AND `item`=180733 AND `ExtendedCost`=0 AND `type`=1);
INSERT INTO `npc_vendor` (`entry`, `slot`, `item`, `maxcount`, `ExtendedCost`, `type`, `PlayerConditionID`, `IgnoreFiltering`, `VerifiedBuild`) VALUES
(133332, 1644, 39354, 0, 0, 1, 0, 0, 52649), -- Light Parchment
(133332, 1643, 4364, 2, 0, 1, 0, 0, 52649), -- Coarse Blasting Powder
(133332, 1642, 4357, 3, 0, 1, 0, 0, 52649), -- Rough Blasting Powder
(133332, 1641, 4371, 2, 0, 1, 0, 0, 52649), -- Bronze Tube
(133332, 1640, 10647, 0, 0, 1, 0, 0, 52649), -- Engineer's Ink
(133332, 1639, 160298, 0, 0, 1, 0, 0, 52649), -- Durable Flux
(133332, 1638, 3466, 0, 0, 1, 0, 0, 52649), -- Strong Flux
(133332, 1637, 2880, 0, 0, 1, 0, 0, 52649), -- Weak Flux
(133332, 1636, 39684, 0, 0, 1, 0, 0, 52649), -- Hair Trigger
(133332, 1635, 40533, 0, 0, 1, 0, 0, 52649), -- Walnut Stock
(133332, 1634, 4400, 0, 0, 1, 0, 0, 52649), -- Heavy Stock
(133332, 1633, 4399, 0, 0, 1, 0, 0, 52649), -- Wooden Stock
(133332, 1632, 90146, 0, 0, 1, 0, 0, 52649), -- Tinker's Kit
(133332, 1631, 183952, 0, 0, 1, 0, 0, 52649), -- Machinist's Oil
(133332, 1630, 2901, 0, 0, 1, 0, 0, 52649), -- Mining Pick
(133332, 1629, 5956, 0, 0, 1, 0, 0, 52649), -- Blacksmith Hammer
(133332, 1628, 6219, 0, 0, 1, 0, 0, 52649), -- Arclight Spanner
(133332, 25, 68660, 0, 6003, 1, 0, 0, 52649), -- Mystic Cogwheel
(133332, 24, 59489, 0, 3310, 1, 0, 0, 52649), -- Precise Cogwheel
(133332, 23, 59477, 0, 3392, 1, 0, 0, 52649), -- Subtle Cogwheel
(133332, 22, 59478, 0, 3311, 1, 0, 0, 52649), -- Smooth Cogwheel
(133332, 21, 59479, 0, 3311, 1, 0, 0, 52649), -- Quick Cogwheel
(133332, 20, 59480, 0, 3308, 1, 0, 0, 52649), -- Fractured Cogwheel
(133332, 19, 59491, 0, 3305, 1, 0, 0, 52649), -- Flashing Cogwheel
(133332, 18, 59493, 0, 3307, 1, 0, 0, 52649), -- Rigid Cogwheel
(133332, 17, 59496, 0, 3306, 1, 0, 0, 52649), -- Sparkling Cogwheel
(5512, 6, 160298, 0, 0, 1, 0, 0, 52649), -- Durable Flux
(5512, 3, 180733, 0, 0, 1, 0, 0, 52649); -- Luminous Flux

DELETE FROM `creature_template_addon` WHERE `entry` IN (133106,133332,133369,129679,143711,133394,158125,133411,158123,158119,158120,133672,133363,133396,133433,172572,130069,167032,133675,16908,133431,133441,133509);
INSERT INTO `creature_template_addon` (`entry`, `path_id`, `mount`, `StandState`, `AnimTier`, `VisFlags`, `SheathState`, `PvpFlags`, `emote`, `aiAnimKit`, `movementAnimKit`, `meleeAnimKit`, `visibilityDistanceType`, `auras`) VALUES
(133106, 0, 0, 0, 0, 0, 0, 0, 0, 0, 0, 0, 0, 0), -- 133106 (Aressa)
(133332, 0, 0, 0, 0, 0, 1, 1, 0, 0, 0, 0, 0, 0), -- 133332 (Statiks Quikfuse)
(133369, 0, 0, 0, 0, 0, 1, 1, 0, 0, 0, 0, 0, 0), -- 133369 (Druben Stoutarm)
(129679, 0, 0, 0, 0, 0, 1, 1, 0, 0, 0, 0, 0, 0), -- 129679 (Shani Ward)
(143711, 0, 0, 8, 0, 0, 1, 1, 0, 0, 0, 0, 0, 0), -- 143711 (Nicanor Ward)
(133394, 0, 0, 0, 0, 0, 1, 1, 0, 0, 0, 0, 0, 0), -- 133394 (Elestrae Dawnshard)
(158125, 0, 0, 0, 0, 0, 1, 1, 0, 0, 0, 0, 0, 0), -- 158125 (Lightforged Representative)
(133411, 0, 0, 0, 0, 0, 1, 1, 0, 0, 0, 0, 0, 262246), -- 133411 (Dalia Skyblossom) - Cook Meat
(158123, 0, 0, 0, 0, 0, 1, 1, 0, 0, 0, 0, 0, 0), -- 158123 (Void Elf Representative)
(158119, 0, 0, 0, 0, 0, 1, 1, 0, 0, 0, 0, 0, 0), -- 158119 (Kul Tiran Representative)
(158120, 0, 0, 0, 0, 0, 1, 1, 0, 0, 0, 0, 0, 0), -- 158120 (Dark Iron Representative)
(133672, 0, 0, 0, 0, 0, 1, 1, 0, 0, 0, 0, 0, 0), -- 133672 (Master Arcanist)
(133363, 0, 0, 0, 0, 0, 1, 1, 0, 0, 0, 0, 0, 0), -- 133363 (Aevedos)
(133396, 0, 0, 0, 0, 0, 1, 1, 0, 0, 0, 0, 0, 0), -- 133396 (Jandros Terres)
(133433, 0, 0, 0, 0, 0, 0, 1, 0, 0, 0, 0, 0, 0), -- 133433 (Ghostblade Scout)
(172572, 0, 0, 0, 0, 0, 1, 1, 0, 0, 0, 0, 0, 0), -- 172572 (Celeste Periwinkle)
(130069, 0, 0, 0, 0, 0, 0, 1, 0, 0, 0, 0, 0, 0), -- 130069 (Aspiring Anchorite)
(167032, 0, 0, 1, 0, 0, 1, 0, 0, 0, 0, 0, 0, 0), -- 167032 (Chromie)
(133675, 0, 0, 0, 0, 0, 1, 0, 0, 15024, 0, 0, 0, 0), -- 133675 (Peasant Worker)
(16908, 0, 0, 0, 0, 0, 1, 0, 0, 0, 0, 0, 0, 258389), -- 16908 (Arielle Snapflash) - Photographer State
(133431, 0, 0, 0, 0, 0, 0, 0, 0, 0, 0, 0, 0, 0), -- 133431 (Lightforged Sunshield)
(133441, 0, 0, 0, 0, 0, 1, 1, 0, 0, 0, 0, 0, 0), -- 133441 (Trained Brightlance)
(133509, 0, 0, 0, 0, 0, 1, 1, 0, 0, 0, 0, 0, 0); -- 133509 (Riftwarden Acolyte)


